cusip,nameOfIssuer,titleOfClass,periodOfReport,value,shrs_or_prn_amt,value_change_pct,shares_change_pct,ticker,ROE,D/E Ratio
00287Y109,ABBVIE INC,COM,2020-09-30,1862541,21264316,,,ABBV,0.3530131538696849,5.425053640868767
00287Y109,ABBVIE INC,COM,2020-12-31,2735870,25533082,0.4688911546108247,0.2007478632277661,ABBV,0.3530131538696849,5.425053640868767
00287Y109,ABBVIE INC,COM,2021-03-31,2474794,22868178,-0.0954270487998333,-0.1043706357109572,ABBV,0.7490913811007269,4.603972053997923
00287Y109,ABBVIE INC,COM,2021-06-30,2312258,20527861,-0.0656765775252404,-0.1023394605376956,ABBV,0.7490913811007269,4.603972053997923
00287Y109,ABBVIE INC,COM,2021-09-30,1553165,14398488,-0.3282907876197206,-0.2985880019355158,ABBV,0.7490913811007269,4.603972053997923
00287Y109,ABBVIE INC,COM,2021-12-31,410744,3033561,-0.7355438733167435,-0.7893139196282276,ABBV,0.7490913811007269,4.603972053997923
02005N100,ALLY FINL INC,COM,2022-03-31,389990,8969420,,,ALLY,0.13329185784275605,1.4447468599424527
02005N100,ALLY FINL INC,COM,2022-06-30,1005300,30000000,1.5777584040616426,2.344697873441092,ALLY,0.13329185784275605,1.4447468599424527
02005N100,ALLY FINL INC,COM,2022-09-30,834901,30000000,-0.1695006465731622,0.0,ALLY,0.13329185784275605,1.4447468599424527
02005N100,ALLY FINL INC,COM,2022-12-31,728610001,29800000,871.6902962147608,-0.0066666666666667,ALLY,0.13329185784275605,1.4447468599424527
02005N100,ALLY FINL INC,COM,2023-03-31,739210001,29000000,0.0145482493864368,-0.0268456375838925,ALLY,0.0740955978497748,1.34955686996949
02005N100,ALLY FINL INC,COM,2023-06-30,783290001,29000000,0.0596312278518536,0.0,ALLY,0.0740955978497748,1.34955686996949
02005N100,ALLY FINL INC,COM,2023-09-30,773720000,29000000,-0.0122176984102724,0.0,ALLY,0.0740955978497748,1.34955686996949
02005N100,ALLY FINL INC,COM,2023-09-30,773720000,29000000,0.0,0.0,ALLY,0.0740955978497748,1.34955686996949
02005N100,ALLY FINL INC,COM,2023-12-31,1012680000,29000000,0.3088455772113943,0.0,ALLY,0.0740955978497748,1.34955686996949
02005N100,ALLY FINL INC,COM,2024-03-31,1177110000,29000000,0.1623711340206186,0.0,ALLY,,
02005N100,ALLY FINL INC,COM,2024-06-30,1150430000,29000000,-0.0226656812022665,0.0,ALLY,,
023135106,AMAZON COM INC,COM,2020-06-30,1471279,533300,,,AMZN,0.22837351719412444,1.6898847782107833
023135106,AMAZON COM INC,COM,2020-09-30,1679217,533300,0.141331453789526,0.0,AMZN,0.22837351719412444,1.6898847782107833
023135106,AMAZON COM INC,COM,2020-12-31,1736921,533300,0.0343636349560538,0.0,AMZN,0.22837351719412444,1.6898847782107833
023135106,AMAZON COM INC,COM,2021-03-31,1650073,533300,-0.0500011226762759,0.0,AMZN,0.2413396506202756,1.1417555631234402
023135106,AMAZON COM INC,COM,2021-06-30,1834637,533300,0.1118520210924001,0.0,AMZN,0.2413396506202756,1.1417555631234402
023135106,AMAZON COM INC,COM,2021-09-30,1751912,533300,-0.045090663711677,0.0,AMZN,0.2413396506202756,1.1417555631234402
023135106,AMAZON COM INC,COM,2021-12-31,1778204,533300,0.0150076031216179,0.0,AMZN,0.2413396506202756,1.1417555631234402
023135106,AMAZON COM INC,COM,2022-03-31,1738531,533300,-0.0223107135064368,0.0,AMZN,-0.018638346240490815,1.0807912589031998
023135106,AMAZON COM INC,COM,2022-06-30,1132836,10666000,-0.3483947079459613,19.0,AMZN,-0.018638346240490815,1.0807912589031998
023135106,AMAZON COM INC,COM,2022-09-30,1205258,10666000,0.0639298186145214,0.0,AMZN,-0.018638346240490815,1.0807912589031998
023135106,AMAZON COM INC,COM,2022-12-31,895944000,10666000,742.362831858407,0.0,AMZN,-0.018638346240490815,1.0807912589031998
023135106,AMAZON COM INC,COM,2023-03-31,1089812790,10551000,0.2163849414695562,-0.0107819238702419,AMZN,0.15071207430340558,0.7818798653820433
023135106,AMAZON COM INC,COM,2023-06-30,1375428360,10551000,0.2620776454642268,0.0,AMZN,0.15071207430340558,0.7818798653820433
023135106,AMAZON COM INC,COM,2023-09-30,1271200000,10000000,-0.0757788359111629,-0.0522225381480427,AMZN,0.15071207430340558,0.7818798653820433
023135106,AMAZON COM INC,COM,2023-09-30,1271200000,10000000,0.0,0.0,AMZN,0.15071207430340558,0.7818798653820433
023135106,AMAZON COM INC,COM,2023-12-31,1519400000,10000000,0.1952485840151039,0.0,AMZN,0.15071207430340558,0.7818798653820433
023135106,AMAZON COM INC,COM,2024-03-31,1803800000,10000000,0.1871791496643411,0.0,AMZN,,
023135106,AMAZON COM INC,COM,2024-06-30,1932500000,10000000,0.0713493735447388,0.0,AMZN,,
025816109,AMERICAN EXPRESS CO,COM,2020-06-30,14433339,151610700,,,AXP,0.136399234249913,2.4145927128437172
025816109,AMERICAN EXPRESS CO,COM,2020-09-30,15198971,151610700,0.0530460761712865,0.0,AXP,0.136399234249913,2.4145927128437172
025816109,AMERICAN EXPRESS CO,COM,2020-12-31,18331249,151610700,0.2060848724561683,0.0,AXP,0.136399234249913,2.4145927128437172
025816109,AMERICAN EXPRESS CO,COM,2021-03-31,21443817,151610700,0.1697957405957444,0.0,AXP,0.3634395995851558,2.502457451954728
025816109,AMERICAN EXPRESS CO,COM,2021-06-30,25050635,151610700,0.1681985068236686,0.0,AXP,0.3634395995851558,2.502457451954728
025816109,AMERICAN EXPRESS CO,COM,2021-09-30,25399340,151610700,0.013920006418999,0.0,AXP,0.3634395995851558,2.502457451954728
025816109,AMERICAN EXPRESS CO,COM,2021-12-31,24803511,151610700,-0.023458444195794,0.0,AXP,0.3634395995851558,2.502457451954728
025816109,AMERICAN EXPRESS CO,COM,2022-03-31,28351201,151610700,0.1430317667526988,0.0,AXP,0.304075108251386,2.2458418887135285
025816109,AMERICAN EXPRESS CO,COM,2022-06-30,21016276,151610700,-0.2587165531364968,0.0,AXP,0.304075108251386,2.2458418887135285
025816109,AMERICAN EXPRESS CO,COM,2022-09-30,20453800,151610700,-0.0267638281872583,0.0,AXP,0.304075108251386,2.2458418887135285
025816109,AMERICAN EXPRESS CO,COM,2022-12-31,22400480926,151610700,1094.174536076426,0.0,AXP,0.304075108251386,2.2458418887135285
025816109,AMERICAN EXPRESS CO,COM,2023-03-31,25008184965,151610700,0.1164128595102289,0.0,AXP,0.2984638414655879,1.97800901422105
025816109,AMERICAN EXPRESS CO,COM,2023-06-30,26410583940,151610700,0.0560775992725068,0.0,AXP,0.2984638414655879,1.97800901422105
025816109,AMERICAN EXPRESS CO,COM,2023-09-30,22618800333,151610700,-0.1435706084959815,0.0,AXP,0.2984638414655879,1.97800901422105
025816109,AMERICAN EXPRESS CO,COM,2023-09-30,22618800333,151610700,0.0,0.0,AXP,0.2984638414655879,1.97800901422105
025816109,AMERICAN EXPRESS CO,COM,2023-12-31,28402748537,151610700,0.2557141899149016,0.0,AXP,0.2984638414655879,1.97800901422105
025816109,AMERICAN EXPRESS CO,COM,2024-03-31,34520240283,151610700,0.215383794213817,0.0,AXP,,
025816109,AMERICAN EXPRESS CO,COM,2024-06-30,35105457585,151610700,0.0169528745223768,0.0,AXP,,
037833100,APPLE INC,COM,2020-06-30,89432750,245155566,,,AAPL,0.8786635853012749,1.5504369597330845
037833100,APPLE INC,COM,2020-09-30,109358868,944295554,0.222805605329144,2.851821801998165,AAPL,0.8786635853012749,1.5504369597330845
037833100,APPLE INC,COM,2020-12-31,117714016,887135554,0.0764011931798709,-0.0605318957162007,AAPL,0.8786635853012749,1.5504369597330845
037833100,APPLE INC,COM,2021-03-31,108363609,887135554,-0.079433251177158,0.0,AAPL,1.5007132667617689,1.605706142209542
037833100,APPLE INC,COM,2021-06-30,121502087,887135554,0.1212443745759703,0.0,AAPL,1.5007132667617689,1.605706142209542
037833100,APPLE INC,COM,2021-09-30,125529681,887135554,0.0331483524229505,0.0,AAPL,1.5007132667617689,1.605706142209542
037833100,APPLE INC,COM,2021-12-31,157528660,887135554,0.2549116571084093,0.0,AAPL,1.5007132667617689,1.605706142209542
037833100,APPLE INC,COM,2022-03-31,155564138,890923410,-0.0124708862501591,0.0042697601092875,AAPL,1.9695887275023682,1.9992106195137354
037833100,APPLE INC,COM,2022-06-30,122337373,894802319,-0.2135888478358681,0.004353807472631,AAPL,1.9695887275023682,1.9992106195137354
037833100,APPLE INC,COM,2022-09-30,123661679,894802319,0.0108250321837464,0.0,AAPL,1.9695887275023682,1.9992106195137354
037833100,APPLE INC,COM,2022-12-31,116305043218,895136175,939.5099797973792,0.0003731058725608,AAPL,1.9695887275023682,1.9992106195137354
037833100,APPLE INC,COM,2023-03-31,150975906991,915560382,0.2981028407170063,0.0228168714106544,AAPL,1.5607601454639075,1.6300968769027773
037833100,APPLE INC,COM,2023-06-30,177591247296,915560382,0.1762886597964708,0.0,AAPL,1.5607601454639075,1.6300968769027773
037833100,APPLE INC,COM,2023-09-30,156753093002,915560382,-0.1173377326376228,0.0,AAPL,1.5607601454639075,1.6300968769027773
037833100,APPLE INC,COM,2023-09-30,156753093002,915560382,0.0,0.0,AAPL,1.5607601454639075,1.6300968769027773
037833100,APPLE INC,COM,2023-12-31,174347466800,905560000,0.1122425941399161,-0.0109226897500246,AAPL,1.5607601454639075,1.6300968769027773
037833100,APPLE INC,COM,2024-03-31,135360901805,789368450,-0.2236141752476554,-0.1283090573788594,AAPL,,
037833100,APPLE INC,COM,2024-06-30,84248000000,400000000,-0.3776046193799218,-0.4932657873519014,AAPL,,
047726302,ATLANTA BRAVES HLDGS INC,COM SER C,2023-09-30,7990835,223645,,,BATRK,-0.2370312355159034,1.3289633047482297
047726302,ATLANTA BRAVES HLDGS INC,COM SER C,2023-09-30,7990835,223645,0.0,0.0,BATRK,-0.2370312355159034,1.3289633047482297
047726302,ATLANTA BRAVES HLDGS INC,COM SER C,2023-12-31,8851870,223645,0.1077528193236376,0.0,BATRK,-0.2370312355159034,1.3289633047482297
047726302,ATLANTA BRAVES HLDGS INC,COM SER C,2024-03-31,8735574,223645,-0.013138014905325,0.0,BATRK,,
047726302,ATLANTA BRAVES HLDGS INC,COM SER C,2024-06-30,8820558,223645,0.0097284963758534,0.0,BATRK,,
060505104,BANK AMER CORP,COM,2020-06-30,21968954,925008600,,,BAC,0.06556403980595331,2.84495309686213
060505104,BANK AMER CORP,COM,2020-09-30,24333323,1010100606,0.1076231940765135,0.0919905025747869,BAC,0.06556403980595331,2.84495309686213
060505104,BANK AMER CORP,COM,2020-12-31,30616150,1010100606,0.2581984795089433,0.0,BAC,0.06556403980595331,2.84495309686213
060505104,BANK AMER CORP,COM,2021-03-31,39080793,1010100606,0.2764764021602977,0.0,BAC,0.11840809283656588,2.875060092747699
060505104,BANK AMER CORP,COM,2021-06-30,41646448,1010100606,0.0656500240412214,0.0,BAC,0.11840809283656588,2.875060092747699
060505104,BANK AMER CORP,COM,2021-09-30,42878771,1010100606,0.0295901105419602,0.0,BAC,0.11840809283656588,2.875060092747699
060505104,BANK AMER CORP,COM,2021-12-31,44939376,1010100606,0.0480565312844438,0.0,BAC,0.11840809283656588,2.875060092747699
060505104,BANK AMER CORP,COM,2022-03-31,41636348,1010100606,-0.0734996409384945,0.0,BAC,0.10076245346764423,2.8421101952364043
060505104,BANK AMER CORP,COM,2022-06-30,31444432,1010100606,-0.2447841006612779,0.0,BAC,0.10076245346764423,2.8421101952364043
060505104,BANK AMER CORP,COM,2022-09-30,30505039,1010100606,-0.0298747008691395,0.0,BAC,0.10076245346764423,2.8421101952364043
060505104,BANK AMER CORP,COM,2022-12-31,33454532071,1010100606,1095.6887166084266,0.0,BAC,0.10076245346764423,2.8421101952364043
060505104,BANK AMER CORP,COM,2023-03-31,29539567372,1032852006,-0.1170234481442256,0.0225238950109094,BAC,0.09091501340666425,2.662323429801883
060505104,BANK AMER CORP,COM,2023-06-30,29632524052,1032852006,0.0031468531285299,0.0,BAC,0.09091501340666425,2.662323429801883
060505104,BANK AMER CORP,COM,2023-09-30,28279487924,1032852006,-0.0456605088930546,0.0,BAC,0.09091501340666425,2.662323429801883
060505104,BANK AMER CORP,COM,2023-09-30,28279487924,1032852006,0.0,0.0,BAC,0.09091501340666425,2.662323429801883
060505104,BANK AMER CORP,COM,2023-12-31,34776127042,1032852006,0.2297297297411982,0.0,BAC,0.09091501340666425,2.662323429801883
060505104,BANK AMER CORP,COM,2024-03-31,39165748068,1032852006,0.1262251262395766,0.0,BAC,,
060505104,BANK AMER CORP,COM,2024-06-30,41076524279,1032852006,0.0487869198280723,0.0,BAC,,
064058100,BANK OF NEW YORK MELLON CORP,COM,2020-06-30,2796615,72357453,,,BK,0.07897207484552739,1.4893998059431017
064058100,BANK OF NEW YORK MELLON CORP,COM,2020-09-30,2484755,72357453,-0.1115133831435503,0.0,BK,0.07897207484552739,1.4893998059431017
064058100,BANK OF NEW YORK MELLON CORP,COM,2020-12-31,3070849,72357453,0.2358759716752758,0.0,BK,0.07897207484552739,1.4893998059431017
064058100,BANK OF NEW YORK MELLON CORP,COM,2021-03-31,3421785,72357453,0.1142797968900457,0.0,BK,0.08734953757494074,1.5851652300971324
064058100,BANK OF NEW YORK MELLON CORP,COM,2021-06-30,3706871,72357453,0.0833149949514653,0.0,BK,0.08734953757494074,1.5851652300971324
064058100,BANK OF NEW YORK MELLON CORP,COM,2021-09-30,3751012,72357453,0.0119078867325028,0.0,BK,0.08734953757494074,1.5851652300971324
064058100,BANK OF NEW YORK MELLON CORP,COM,2021-12-31,4202522,72357453,0.1203701827666774,0.0,BK,0.08734953757494074,1.5851652300971324
064058100,BANK OF NEW YORK MELLON CORP,COM,2022-03-31,3591100,72357453,-0.1454893038037635,0.0,BK,0.06316590563165905,1.674669821574115
064058100,BANK OF NEW YORK MELLON CORP,COM,2022-06-30,3018027,72357453,-0.1595814652891871,0.0,BK,0.06316590563165905,1.674669821574115
064058100,BANK OF NEW YORK MELLON CORP,COM,2022-09-30,2396364,62210878,-0.2059832466707554,-0.1402284710049149,BK,0.06316590563165905,1.674669821574115
064058100,BANK OF NEW YORK MELLON CORP,COM,2022-12-31,1141180346,25069867,475.21327394335754,-0.5970179523908986,BK,0.06316590563165905,1.674669821574115
067901108,BARRICK GOLD CORPORATION,COM,2020-06-30,563550,20918701,,,GOLD,0.0995672850349171,0.20239063210659355
067901108,BARRICK GOLD CORPORATION,COM,2020-09-30,337320,12000000,-0.4014373170082512,-0.4263506132622671,GOLD,0.0995672850349171,0.20239063210659355
09062X103,BIOGEN INC,COM,2020-06-30,172041,643022,,,BIIB,0.3738773679242638,0.6223657310542695
09062X103,BIOGEN INC,COM,2020-09-30,182412,643022,0.0602821420475352,0.0,BIIB,0.3738773679242638,0.6223657310542695
09062X103,BIOGEN INC,COM,2020-12-31,157450,643022,-0.1368440672762757,0.0,BIIB,0.3738773679242638,0.6223657310542695
09062X103,BIOGEN INC,COM,2021-03-31,179885,643022,0.1424896792632581,0.0,BIIB,0.14281125530001285,0.6111763763513886
110122108,BRISTOL-MYERS SQUIBB CO,COM,2020-09-30,1806963,29971194,,,BMY,-0.23835333932631803,1.4278461932208768
110122108,BRISTOL-MYERS SQUIBB CO,COM,2020-12-31,2067833,33336016,0.1443693091668174,0.1122685335792761,BMY,-0.23835333932631803,1.4278461932208768
110122108,BRISTOL-MYERS SQUIBB CO,COM,2021-03-31,1959064,31032227,-0.0526004759571977,-0.0691081081794536,BMY,0.19456963222611695,1.5023646224892895
110122108,BRISTOL-MYERS SQUIBB CO,COM,2021-06-30,1756983,26294266,-0.1031518112731385,-0.1526787297605163,BMY,0.19456963222611695,1.5023646224892895
110122108,BRISTOL-MYERS SQUIBB CO,COM,2021-09-30,1304517,22046936,-0.2575244040494415,-0.1615306546301768,BMY,0.19456963222611695,1.5023646224892895
110122108,BRISTOL-MYERS SQUIBB CO,COM,2021-12-31,324387,5202674,-0.7513355517789343,-0.7640182744668012,BMY,0.19456963222611695,1.5023646224892895
14040H105,CAPITAL ONE FINL CORP,COM,2023-03-31,954099520,9922000,,,COF,0.0841295253834633,0.8493174355213552
14040H105,CAPITAL ONE FINL CORP,COM,2023-06-30,1363956551,12471030,0.429574716692028,0.2569068736141906,COF,0.0841295253834633,0.8493174355213552
14040H105,CAPITAL ONE FINL CORP,COM,2023-09-30,1210313462,12471030,-0.1126451490609102,0.0,COF,0.0841295253834633,0.8493174355213552
14040H105,CAPITAL ONE FINL CORP,COM,2023-09-30,1210313462,12471030,0.0,0.0,COF,0.0841295253834633,0.8493174355213552
14040H105,CAPITAL ONE FINL CORP,COM,2023-12-31,1635201454,12471030,0.3510561563926486,0.0,COF,0.0841295253834633,0.8493174355213552
14040H105,CAPITAL ONE FINL CORP,COM,2024-03-31,1856811657,12471030,0.1355247100948333,0.0,COF,,
14040H105,CAPITAL ONE FINL CORP,COM,2024-06-30,1359447750,9819052,-0.2678591041396074,-0.2126510801433402,COF,,
150870103,CELANESE CORP DEL,COM,2022-03-31,1125958,7880998,,,CE,0.33599432322157174,2.377683130743303
150870103,CELANESE CORP DEL,COM,2022-06-30,1076922,9156714,-0.0435504699109557,0.1618723923036142,CE,0.33599432322157174,2.377683130743303
150870103,CELANESE CORP DEL,COM,2022-09-30,877219,9710183,-0.1854386854386854,0.0604440632305431,CE,0.33599432322157174,2.377683130743303
150870103,CELANESE CORP DEL,COM,2022-12-31,992769110,9710183,1130.7232184893396,0.0,CE,0.33599432322157174,2.377683130743303
150870103,CELANESE CORP DEL,COM,2023-03-31,960302652,8819016,-0.0327029292843328,-0.0917765401537746,CE,0.2764067127344521,1.890142406994782
150870103,CELANESE CORP DEL,COM,2023-06-30,620518352,5358535,-0.3538304297008231,-0.3923885612635241,CE,0.2764067127344521,1.890142406994782
16119P108,CHARTER COMMUNICATIONS INC N,CL A,2020-06-30,2659074,5213461,,,CHTR,0.13534971644612476,4.098508703213611
16119P108,CHARTER COMMUNICATIONS INC N,CL A,2020-09-30,3254972,5213461,0.224099818207391,0.0,CHTR,0.13534971644612476,4.098508703213611
16119P108,CHARTER COMMUNICATIONS INC N,CL A,2020-12-31,3448965,5213461,0.059598976581058,0.0,CHTR,0.13534971644612476,4.098508703213611
16119P108,CHARTER COMMUNICATIONS INC N,CL A,2021-03-31,3216810,5213461,-0.0673114977971652,0.0,CHTR,0.3312455516014235,6.944128091103203
16119P108,CHARTER COMMUNICATIONS INC N,CL A,2021-06-30,3761251,5213461,0.169248727776897,0.0,CHTR,0.3312455516014235,6.944128091103203
16119P108,CHARTER COMMUNICATIONS INC N,CL A,2021-09-30,3056207,4200626,-0.1874493353408214,-0.1942730558452436,CHTR,0.3312455516014235,6.944128091103203
16119P108,CHARTER COMMUNICATIONS INC N,CL A,2021-12-31,2496355,3828941,-0.1831852358168147,-0.088483240355128,CHTR,0.3312455516014235,6.944128091103203
16119P108,CHARTER COMMUNICATIONS INC N,CL A,2022-03-31,2088764,3828941,-0.1632744541541567,0.0,CHTR,0.5543370983660489,10.699089777387872
16119P108,CHARTER COMMUNICATIONS INC N,CL A,2022-06-30,1793974,3828941,-0.1411313101910987,0.0,CHTR,0.5543370983660489,10.699089777387872
16119P108,CHARTER COMMUNICATIONS INC N,CL A,2022-09-30,1161509,3828941,-0.3525497025040497,0.0,CHTR,0.5543370983660489,10.699089777387872
16119P108,CHARTER COMMUNICATIONS INC N,CL A,2022-12-31,1298393893,3828941,1116.850910324414,0.0,CHTR,0.5543370983660489,10.699089777387872
16119P108,CHARTER COMMUNICATIONS INC N,CL A,2023-03-31,1369267591,3828941,0.0545856680180796,0.0,CHTR,0.4110589933249143,8.800739642792712
16119P108,CHARTER COMMUNICATIONS INC N,CL A,2023-06-30,1406638055,3828941,0.0272923015527648,0.0,CHTR,0.4110589933249143,8.800739642792712
16119P108,CHARTER COMMUNICATIONS INC N,CL A,2023-09-30,1684044831,3828941,0.1972126198448398,0.0,CHTR,0.4110589933249143,8.800739642792712
16119P108,CHARTER COMMUNICATIONS INC N,CL A,2023-09-30,1684044831,3828941,0.0,0.0,CHTR,0.4110589933249143,8.800739642792712
16119P108,CHARTER COMMUNICATIONS INC N,CL A,2023-12-31,1488232788,3828941,-0.116274839835306,0.0,CHTR,0.4110589933249143,8.800739642792712
16119P108,CHARTER COMMUNICATIONS INC N,CL A,2024-03-31,1112805123,3828941,-0.2522640732197065,0.0,CHTR,,
16119P108,CHARTER COMMUNICATIONS INC N,CL A,2024-06-30,1144700201,3828941,0.0286618720032618,0.0,CHTR,,
166764100,CHEVRON CORP NEW,COM,2020-09-30,3187639,44272770,,,CVX,-0.04209191422149323,0.17605247992224043
166764100,CHEVRON CORP NEW,COM,2020-12-31,4095738,48498965,0.2848813808589994,0.0954581111595231,CVX,-0.04209191422149323,0.17605247992224043
166764100,CHEVRON CORP NEW,COM,2021-03-31,2480617,23672271,-0.3943418744070055,-0.511901522022171,CVX,0.11235591477489268,0.16671100243767392
166764100,CHEVRON CORP NEW,COM,2021-06-30,2421999,23123920,-0.0236304113049293,-0.0231642751977619,CVX,0.11235591477489268,0.16671100243767392
166764100,CHEVRON CORP NEW,COM,2021-09-30,2911972,28703519,0.2023010744430531,0.2412912257091357,CVX,0.11235591477489268,0.16671100243767392
166764100,CHEVRON CORP NEW,COM,2021-12-31,4488055,38245036,0.5412424982108344,0.3324162796903056,CVX,0.11235591477489268,0.16671100243767392
166764100,CHEVRON CORP NEW,COM,2022-03-31,25918973,159178117,4.775101463774397,3.1620595415310895,CVX,0.22265541618010823,0.14555316342085106
166764100,CHEVRON CORP NEW,COM,2022-06-30,23373304,161440149,-0.0982164301031526,0.0142106970645972,CVX,0.22265541618010823,0.14555316342085106
166764100,CHEVRON CORP NEW,COM,2022-09-30,23757173,165359318,0.0164233948268504,0.0242762969699688,CVX,0.22265541618010823,0.14555316342085106
166764100,CHEVRON CORP NEW,COM,2022-12-31,29252521137,162975771,1230.3132179910465,-0.0144143494834684,CVX,0.22265541618010823,0.14555316342085106
166764100,CHEVRON CORP NEW,COM,2023-03-31,21603623200,132407595,-0.2614782466501769,-0.1875627021884129,CVX,0.13276216629286083,0.14403846353995167
166764100,CHEVRON CORP NEW,COM,2023-06-30,19372950883,123120120,-0.1032545465336574,-0.0701430684546456,CVX,0.13276216629286083,0.14403846353995167
166764100,CHEVRON CORP NEW,COM,2023-09-30,18590066491,110248289,-0.0404112102863477,-0.1045469335150095,CVX,0.13276216629286083,0.14403846353995167
166764100,CHEVRON CORP NEW,COM,2023-09-30,18590066491,110248289,0.0,0.0,CVX,0.13276216629286083,0.14403846353995167
166764100,CHEVRON CORP NEW,COM,2023-12-31,18808080506,126093326,0.0117274467579524,0.1437213869142222,CVX,0.13276216629286083,0.14403846353995167
166764100,CHEVRON CORP NEW,COM,2024-03-31,19398897853,122980207,0.0314129528960449,-0.0246890069344352,CVX,,
166764100,CHEVRON CORP NEW,COM,2024-06-30,18553059728,118610534,-0.0436023804759192,-0.0355315144330501,CVX,,
172967424,CITIGROUP INC,COM NEW,2022-03-31,2945319,55155797,,,C,0.0737863402074666,3.0757048839051837
172967424,CITIGROUP INC,COM NEW,2022-06-30,2536616,55155797,-0.1387635770522649,0.0,C,0.0737863402074666,3.0757048839051837
172967424,CITIGROUP INC,COM NEW,2022-09-30,2298341,55155797,-0.0939342021023285,0.0,C,0.0737863402074666,3.0757048839051837
172967424,CITIGROUP INC,COM NEW,2022-12-31,2494696699,55155797,1084.433666718733,0.0,C,0.0737863402074666,3.0757048839051837
172967424,CITIGROUP INC,COM NEW,2023-03-31,2590428532,55244797,0.0383741370397348,0.0016136109863482,C,0.044915382106856555,3.0118712790175857
172967424,CITIGROUP INC,COM NEW,2023-06-30,2543470454,55244797,-0.0181275327305574,0.0,C,0.044915382106856555,3.0118712790175857
172967424,CITIGROUP INC,COM NEW,2023-09-30,2272218501,55244797,-0.106646394328432,0.0,C,0.044915382106856555,3.0118712790175857
172967424,CITIGROUP INC,COM NEW,2023-09-30,2272218501,55244797,0.0,0.0,C,0.044915382106856555,3.0118712790175857
172967424,CITIGROUP INC,COM NEW,2023-12-31,2841792358,55244797,0.2506686116451087,0.0,C,0.044915382106856555,3.0118712790175857
172967424,CITIGROUP INC,COM NEW,2024-03-31,3493680962,55244797,0.2293934678812308,0.0,C,,
172967424,CITIGROUP INC,COM NEW,2024-06-30,3505834818,55244797,0.0034788110683816,0.0,C,,
191216100,COCA COLA CO,COM,2020-06-30,17871999,400000000,,,KO,0.40141976268200424,2.4414736581170007
191216100,COCA COLA CO,COM,2020-09-30,19748000,400000000,0.1049687278966386,0.0,KO,0.40141976268200424,2.4414736581170007
191216100,COCA COLA CO,COM,2020-12-31,21935999,400000000,0.11079597933968,0.0,KO,0.40141976268200424,2.4414736581170007
191216100,COCA COLA CO,COM,2021-03-31,21083999,400000000,-0.0388402643526742,0.0,KO,0.42484455845906344,2.048697775033697
191216100,COCA COLA CO,COM,2021-06-30,21644001,400000000,0.0265605210852077,0.0,KO,0.42484455845906344,2.048697775033697
191216100,COCA COLA CO,COM,2021-09-30,20988000,400000000,-0.0303086753692166,0.0,KO,0.42484455845906344,2.048697775033697
191216100,COCA COLA CO,COM,2021-12-31,23684001,400000000,0.1284544025157232,0.0,KO,0.42484455845906344,2.048697775033697
191216100,COCA COLA CO,COM,2022-03-31,24799999,400000000,0.0471203324134297,0.0,KO,0.3958514830947936,1.9546982007052478
191216100,COCA COLA CO,COM,2022-06-30,25164000,400000000,0.0146774602692525,0.0,KO,0.3958514830947936,1.9546982007052478
191216100,COCA COLA CO,COM,2022-09-30,22407999,400000000,-0.1095215784453982,0.0,KO,0.3958514830947936,1.9546982007052478
191216100,COCA COLA CO,COM,2022-12-31,25444000000,400000000,1134.4873766283192,0.0,KO,0.3958514830947936,1.9546982007052478
191216100,COCA COLA CO,COM,2023-03-31,24812000000,400000000,-0.0248388618141801,0.0,KO,0.41301414748853166,1.8163524971280984
191216100,COCA COLA CO,COM,2023-06-30,24088000000,400000000,-0.0291794293083991,0.0,KO,0.41301414748853166,1.8163524971280984
191216100,COCA COLA CO,COM,2023-09-30,22392000000,400000000,-0.0704085021587512,0.0,KO,0.41301414748853166,1.8163524971280984
191216100,COCA COLA CO,COM,2023-09-30,22392000000,400000000,0.0,0.0,KO,0.41301414748853166,1.8163524971280984
191216100,COCA COLA CO,COM,2023-12-31,23572000000,400000000,0.0526973919256876,0.0,KO,0.41301414748853166,1.8163524971280984
191216100,COCA COLA CO,COM,2024-03-31,24472000000,400000000,0.0381808925844222,0.0,KO,,
191216100,COCA COLA CO,COM,2024-06-30,25460000000,400000000,0.0403726708074534,0.0,KO,,
22160K105,COSTCO WHSL CORP NEW,COM,2020-06-30,1313919,4333363,,,COST,,
23331A109,D R HORTON INC,COM,2023-06-30,726454496,5969714,,,DHI,0.20909667697676262,0.25391035186506994
23331A109,D R HORTON INC,COM,2023-09-30,641565163,5969714,-0.116854301910742,0.0,DHI,0.20909667697676262,0.25391035186506994
23331A109,D R HORTON INC,COM,2023-09-30,641565163,5969714,0.0,0.0,DHI,0.20909667697676262,0.25391035186506994
23918K108,DAVITA HEALTHCARE PARTNERS I,COM,2020-06-30,3014883,38095570,,,DVA,0.5591652295589802,8.438878434422355
23918K108,DAVITA HEALTHCARE PARTNERS I,COM,2020-09-30,3091586,36095570,0.0254414516251542,-0.0524995425977351,DVA,0.5591652295589802,8.438878434422355
23918K108,DAVITA HEALTHCARE PARTNERS I,COM,2020-12-31,4237620,36095570,0.3706945237816448,0.0,DVA,0.5591652295589802,8.438878434422355
23918K108,DAVITA INC,COM,2021-03-31,3890020,36095570,-0.0820271756316045,0.0,DVA,1.295088867358122,15.45416498567851
23918K108,DAVITA INC,COM,2021-06-30,4346990,36095570,0.1174724037408547,0.0,DVA,1.295088867358122,15.45416498567851
23918K108,DAVITA INC,COM,2021-09-30,4196471,36095570,-0.0346260285852969,0.0,DVA,1.295088867358122,15.45416498567851
23918K108,DAVITA INC,COM,2021-12-31,4106232,36095570,-0.0215035442875692,0.0,DVA,1.295088867358122,15.45416498567851
23918K108,DAVITA INC,COM,2022-03-31,4082770,36095570,-0.0057137541181306,0.0,DVA,0.7867184407139428,16.391013777399674
23918K108,DAVITA INC,COM,2022-06-30,2886202,36095570,-0.2930774939563091,0.0,DVA,0.7867184407139428,16.391013777399674
23918K108,DAVITA INC,COM,2022-09-30,2987630,36095570,0.0351423774219545,0.0,DVA,0.7867184407139428,16.391013777399674
23918K108,DAVITA INC,COM,2022-12-31,2695256212,36095570,901.138555309727,0.0,DVA,0.7867184407139428,16.391013777399674
23918K108,DAVITA INC,COM,2023-03-31,2927711683,36095570,0.0862461497964632,0.0,DVA,0.6548025418119737,11.055561449374443
23918K108,DAVITA INC,COM,2023-06-30,3626521918,36095570,0.2386882011154647,0.0,DVA,0.6548025418119737,11.055561449374443
23918K108,DAVITA INC,COM,2023-09-30,3412114232,36095570,-0.0591221260612825,0.0,DVA,0.6548025418119737,11.055561449374443
23918K108,DAVITA INC,COM,2023-09-30,3412114232,36095570,0.0,0.0,DVA,0.6548025418119737,11.055561449374443
23918K108,DAVITA INC,COM,2023-12-31,3781371913,36095570,0.1082196127951908,0.0,DVA,0.6548025418119737,11.055561449374443
23918K108,DAVITA INC,COM,2024-03-31,4982993438,36095570,0.3177739594640079,0.0,DVA,,
23918K108,DAVITA INC,COM,2024-06-30,5001763135,36095570,0.0037667512978971,0.0,DVA,,
25243Q205,DIAGEO P L C,SPON ADR NEW,2023-03-31,41263745,227750,,,DEO,0.45054069930963947,2.27865144274966
25243Q205,DIAGEO P L C,SPON ADR NEW,2023-06-30,39510070,227750,-0.04249917209405,0.0,DEO,0.45054069930963947,2.27865144274966
25243Q205,DIAGEO P L C,SPON ADR NEW,2023-09-30,33975745,227750,-0.1400737837214665,0.0,DEO,0.45054069930963947,2.27865144274966
25243Q205,DIAGEO P L C,SPON ADR NEW,2023-09-30,33975745,227750,0.0,0.0,DEO,0.45054069930963947,2.27865144274966
25243Q205,DIAGEO P L C,SPON ADR NEW,2023-12-31,33174065,227750,-0.0235956562541895,0.0,DEO,0.45054069930963947,2.27865144274966
25243Q205,DIAGEO P L C,SPON ADR NEW,2024-03-31,33875535,227750,0.0211451325003433,0.0,DEO,0.3857655502392344,2.240929071770335
25243Q205,DIAGEO P L C,SPON ADR NEW,2024-06-30,28714720,227750,-0.1523463762269732,0.0,DEO,0.3857655502392344,2.240929071770335
339750101,FLOOR & DECOR HLDGS INC,CL A,2021-09-30,98669,816863,,,FND,0.21404943625259693,1.2785273023936687
339750101,FLOOR & DECOR HLDGS INC,CL A,2021-12-31,109691,843709,0.1117068177441749,0.0328647521065343,FND,0.21404943625259693,1.2785273023936687
339750101,FLOOR & DECOR HLDGS INC,CL A,2022-03-31,387180,4780000,2.529733524172448,4.665460484598363,FND,0.1799416597874939,1.020860818645696
339750101,FLOOR & DECOR HLDGS INC,CL A,2022-06-30,300949,4780000,-0.2227155328271088,0.0,FND,0.1799416597874939,1.020860818645696
339750101,FLOOR & DECOR HLDGS INC,CL A,2022-09-30,335843,4780000,0.1159465557287116,0.0,FND,0.1799416597874939,1.020860818645696
339750101,FLOOR & DECOR HLDGS INC,CL A,2022-12-31,332831400,4780000,990.0327146910907,0.0,FND,0.1799416597874939,1.020860818645696
339750101,FLOOR & DECOR HLDGS INC,CL A,2023-03-31,469491600,4780000,0.4105988797931925,0.0,FND,0.12738543441447134,0.876102956514534
339750101,FLOOR & DECOR HLDGS INC,CL A,2023-06-30,496928800,4780000,0.0584402362044389,0.0,FND,0.12738543441447134,0.876102956514534
339750101,FLOOR & DECOR HLDGS INC,CL A,2023-09-30,432590000,4780000,-0.1294728741823778,0.0,FND,0.12738543441447134,0.876102956514534
339750101,FLOOR & DECOR HLDGS INC,CL A,2023-09-30,432590000,4780000,0.0,0.0,FND,0.12738543441447134,0.876102956514534
339750101,FLOOR & DECOR HLDGS INC,CL A,2023-12-31,533256800,4780000,0.232707182320442,0.0,FND,0.12738543441447134,0.876102956514534
339750101,FLOOR & DECOR HLDGS INC,CL A,2024-03-31,619583600,4780000,0.1618859806382215,0.0,FND,,
339750101,FLOOR & DECOR HLDGS INC,CL A,2024-06-30,395440057,3977870,-0.361764809462355,-0.1678096234309624,FND,,
37045V100,GENERAL MTRS CO,COM,2020-06-30,1889429,74681000,,,GM,0.1427270708416611,2.875261015323118
37045V100,GENERAL MTRS CO,COM,2020-09-30,2367201,80000000,0.2528658128990293,0.0712229348830357,GM,0.1427270708416611,2.875261015323118
37045V100,GENERAL MTRS CO,COM,2020-12-31,3018899,72500000,0.2753031956306202,-0.09375,GM,0.1427270708416611,2.875261015323118
37045V100,GENERAL MTRS CO,COM,2021-03-31,3849820,67000000,0.2752397480008439,-0.0758620689655172,GM,0.16769884841992502,2.167129812533476
37045V100,GENERAL MTRS CO,COM,2021-06-30,3550200,60000000,-0.0778270152890264,-0.1044776119402984,GM,0.16769884841992502,2.167129812533476
37045V100,GENERAL MTRS CO,COM,2021-09-30,3162600,60000000,-0.10917694777759,0.0,GM,0.16769884841992502,2.167129812533476
37045V100,GENERAL MTRS CO,COM,2021-12-31,3517800,60000000,0.1123126541453234,0.0,GM,0.16769884841992502,2.167129812533476
37045V100,GENERAL MTRS CO,COM,2022-03-31,2713886,62045847,-0.2285274887713911,0.0340974499999999,GM,0.1465364644795846,1.9098566721737078
37045V100,GENERAL MTRS CO,COM,2022-06-30,1679385,52877359,-0.3811880823291766,-0.1477695678809897,GM,0.1465364644795846,1.9098566721737078
37045V100,GENERAL MTRS CO,COM,2022-09-30,1604500,50000000,-0.0445907281534609,-0.0544157093776185,GM,0.1465364644795846,1.9098566721737078
37045V100,GENERAL MTRS CO,COM,2022-12-31,1682000000,50000000,1047.3016516048613,0.0,GM,0.1465364644795846,1.9098566721737078
37045V100,GENERAL MTRS CO,COM,2023-03-31,1467200000,40000000,-0.127705112960761,-0.1999999999999999,GM,0.15753041097595122,2.0140155480197866
37045V100,GENERAL MTRS CO,COM,2023-06-30,848320000,22000000,-0.4218102508178843,-0.4499999999999999,GM,0.15753041097595122,2.0140155480197866
37959E102,GLOBE LIFE INC,COM,2020-06-30,471636,6353727,,,GL,0.08343009057481098,0.29506041528238447
37959E102,GLOBE LIFE INC,COM,2020-09-30,507663,6353727,0.07638729867949,0.0,GL,0.08343009057481098,0.29506041528238447
37959E102,GLOBE LIFE INC,COM,2020-12-31,603350,6353727,0.1884852746802505,0.0,GL,0.08343009057481098,0.29506041528238447
37959E102,GLOBE LIFE INC,COM,2021-03-31,613961,6353727,0.0175868069942819,0.0,GL,0.11930315224014053,0.29944002538064607
37959E102,GLOBE LIFE INC,COM,2021-06-30,605193,6353727,-0.0142810373948834,0.0,GL,0.11930315224014053,0.29944002538064607
37959E102,GLOBE LIFE INC,COM,2021-09-30,565672,6353727,-0.0653031347024833,0.0,GL,0.11930315224014053,0.29944002538064607
37959E102,GLOBE LIFE INC,COM,2021-12-31,595471,6353727,0.0526789376175593,0.0,GL,0.11930315224014053,0.29944002538064607
37959E102,GLOBE LIFE INC,COM,2022-03-31,639185,6353727,0.0734107958238101,0.0,GL,0.22645108577450193,0.6552605628400205
37959E102,GLOBE LIFE INC,COM,2022-06-30,619297,6353727,-0.0311146225271243,0.0,GL,0.22645108577450193,0.6552605628400205
37959E102,GLOBE LIFE INC,COM,2022-09-30,633467,6353727,0.0228807825647467,0.0,GL,0.22645108577450193,0.6552605628400205
37959E102,GLOBE LIFE INC,COM,2022-12-31,765941790,6353727,1208.126584336674,0.0,GL,0.22645108577450193,0.6552605628400205
37959E102,GLOBE LIFE INC,COM,2023-03-31,699037045,6353727,-0.0873496470273543,0.0,GL,0.21635783875512252,0.5768031375569643
37959E102,GLOBE LIFE INC,COM,2023-06-30,275757222,2515574,-0.6055184428745117,-0.6040789917476781,GL,0.21635783875512252,0.5768031375569643
37959E102,GLOBE LIFE INC,COM,2023-09-30,90356152,831014,-0.6723344130584548,-0.6696523338212272,GL,0.21635783875512252,0.5768031375569643
37959E102,GLOBE LIFE INC,COM,2023-09-30,90356152,831014,0.0,0.0,GL,0.21635783875512252,0.5768031375569643
40434L105,HP INC,COM,2022-03-31,3792480,104476035,,,HPQ,-1.0353719008264464,-3.573223119338843
40434L105,HP INC,COM,2022-06-30,3424725,104476035,-0.0969695291735223,0.0,HPQ,-1.0353719008264464,-3.573223119338843
40434L105,HP INC,COM,2022-09-30,2603542,104476035,-0.2397807123199673,0.0,HPQ,-1.0353719008264464,-3.573223119338843
40434L105,HP INC,COM,2022-12-31,2807271061,104476035,1077.2507295830064,0.0,HPQ,-1.0353719008264464,-3.573223119338843
40434L105,HP INC,COM,2023-03-31,3549965209,120952818,0.2645608962803325,0.1577087319594392,HPQ,-3.0523854069223573,-10.111318929840973
40434L105,HP INC,COM,2023-06-30,3714461041,120952818,0.0463373082031801,0.0,HPQ,-3.0523854069223573,-10.111318929840973
40434L105,HP INC,COM,2023-09-30,2634739200,102519035,-0.2906806207097328,-0.152404741822551,HPQ,-3.0523854069223573,-10.111318929840973
40434L105,HP INC,COM,2023-09-30,2634739200,102519035,0.0,0.0,HPQ,-3.0523854069223573,-10.111318929840973
40434L105,HP INC,COM,2023-12-31,687638195,22852715,-0.7390109066582378,-0.7770880793015658,HPQ,-3.0523854069223573,-10.111318929840973
422806208,HEICO CORP NEW,CL A,2024-06-30,185373840,1044242,,,HEIA,,
46625H100,JPMORGAN CHASE & CO,COM,2020-06-30,2088925,22208427,,,JPM,0.10427987428137775,3.273591866950178
46625H100,JPMORGAN CHASE & CO,COM,2020-09-30,93119,967267,-0.955422525940376,-0.956445947297393,JPM,0.10427987428137775,3.273591866950178
47233W109,JEFFERIES FINL GROUP INC,COM,2022-09-30,12790,433558,,,JEF,0.07675762930469197,2.9241903353182486
47233W109,JEFFERIES FINL GROUP INC,COM,2022-12-31,14862368,433558,1161.0303362001564,0.0,JEF,0.07675762930469197,2.9241903353182486
47233W109,JEFFERIES FINL GROUP INC,COM,2023-03-31,13761131,433558,-0.0740956622793891,0.0,JEF,0.028598655774196596,3.0817015973611066
47233W109,JEFFERIES FINL GROUP INC,COM,2023-06-30,14381119,433558,0.0450535642746225,0.0,JEF,0.028598655774196596,3.0817015973611066
47233W109,JEFFERIES FINL GROUP INC,COM,2023-09-30,15881230,433558,0.1043111457460299,0.0,JEF,0.028598655774196596,3.0817015973611066
47233W109,JEFFERIES FINL GROUP INC,COM,2023-09-30,15881230,433558,0.0,0.0,JEF,0.028598655774196596,3.0817015973611066
47233W109,JEFFERIES FINL GROUP INC,COM,2023-12-31,17520079,433558,0.1031940850929051,0.0,JEF,0.028598655774196596,3.0817015973611066
47233W109,JEFFERIES FINL GROUP INC,COM,2024-03-31,19119908,433558,0.0913140288922214,0.0,JEF,,
47233W109,JEFFERIES FINL GROUP INC,COM,2024-06-30,21573846,433558,0.1283446552148681,0.0,JEF,,
478160104,JOHNSON & JOHNSON,COM,2020-06-30,46000,327100,,,JNJ,0.23252947311861943,0.5649830591358767
478160104,JOHNSON & JOHNSON,COM,2020-09-30,48699,327100,0.0586739130434783,0.0,JNJ,0.23252947311861943,0.5649830591358767
478160104,JOHNSON & JOHNSON,COM,2020-12-31,51479,327100,0.0570853610957102,0.0,JNJ,0.23252947311861943,0.5649830591358767
478160104,JOHNSON & JOHNSON,COM,2021-03-31,53759,327100,0.0442899046213018,0.0,JNJ,0.28204747173175904,0.48297148205287543
478160104,JOHNSON & JOHNSON,COM,2021-06-30,53886,327100,0.002362395133838,0.0,JNJ,0.28204747173175904,0.48297148205287543
478160104,JOHNSON & JOHNSON,COM,2021-09-30,52827,327100,-0.0196525999331923,0.0,JNJ,0.28204747173175904,0.48297148205287543
478160104,JOHNSON & JOHNSON,COM,2021-12-31,55957,327100,0.0592500047324284,0.0,JNJ,0.28204747173175904,0.48297148205287543
478160104,JOHNSON & JOHNSON,COM,2022-03-31,57972,327100,0.0360097932340903,0.0,JNJ,0.233594604447685,0.46548354273214937
478160104,JOHNSON & JOHNSON,COM,2022-06-30,58064,327100,0.0015869730214586,0.0,JNJ,0.233594604447685,0.46548354273214937
478160104,JOHNSON & JOHNSON,COM,2022-09-30,53435,327100,-0.0797223753100027,0.0,JNJ,0.233594604447685,0.46548354273214937
478160104,JOHNSON & JOHNSON,COM,2022-12-31,57782215,327100,1080.3551979039955,0.0,JNJ,0.233594604447685,0.46548354273214937
478160104,JOHNSON & JOHNSON,COM,2023-03-31,50700500,327100,-0.1225587319558448,0.0,JNJ,0.511137930031698,0.5198330476051997
478160104,JOHNSON & JOHNSON,COM,2023-06-30,54141592,327100,0.0678709677419355,0.0,JNJ,0.511137930031698,0.5198330476051997
500754106,KRAFT HEINZ CO,COM,2020-06-30,10384494,325634818,,,KHC,0.007105362952318225,0.39786038967726484
500754106,KRAFT HEINZ CO,COM,2020-09-30,9752763,325634818,-0.0608340666382011,0.0,KHC,0.007105362952318225,0.39786038967726484
500754106,KRAFT HEINZ CO,COM,2020-12-31,11286503,325634818,0.1572621010066583,0.0,KHC,0.007105362952318225,0.39786038967726484
500754106,KRAFT HEINZ CO,COM,2021-03-31,13025393,325634818,0.1540680935450067,0.0,KHC,0.020528216154813584,0.40435715655807536
500754106,KRAFT HEINZ CO,COM,2021-06-30,13279388,325634818,0.0194999874475956,0.0,KHC,0.020528216154813584,0.40435715655807536
500754106,KRAFT HEINZ CO,COM,2021-09-30,11989874,325634818,-0.0971064329169386,0.0,KHC,0.020528216154813584,0.40435715655807536
500754106,KRAFT HEINZ CO,COM,2021-12-31,11690290,325634818,-0.0249864177054738,0.0,KHC,0.020528216154813584,0.40435715655807536
500754106,KRAFT HEINZ CO,COM,2022-03-31,12826755,325634818,0.0972144403603332,0.0,KHC,0.04854348987222154,0.4095073565881918
500754106,KRAFT HEINZ CO,COM,2022-06-30,12419712,325634818,-0.0317339030799294,0.0,KHC,0.04854348987222154,0.4095073565881918
500754106,KRAFT HEINZ CO,COM,2022-09-30,10859921,325634818,-0.1255899492677447,0.0,KHC,0.04854348987222154,0.4095073565881918
500754106,KRAFT HEINZ CO,COM,2022-12-31,13256593441,325634818,1219.6896754589652,0.0,KHC,0.04854348987222154,0.4095073565881918
500754106,KRAFT HEINZ CO,COM,2023-03-31,12592298412,325634818,-0.0501105379716532,0.0,KHC,0.05764648871299923,0.40249564075435124
500754106,KRAFT HEINZ CO,COM,2023-06-30,11560036039,325634818,-0.0819756917463369,0.0,KHC,0.05764648871299923,0.40249564075435124
500754106,KRAFT HEINZ CO,COM,2023-09-30,10954355278,325634818,-0.0523943661556607,0.0,KHC,0.05764648871299923,0.40249564075435124
500754106,KRAFT HEINZ CO,COM,2023-09-30,10954355278,325634818,0.0,0.0,KHC,0.05764648871299923,0.40249564075435124
500754106,KRAFT HEINZ CO,COM,2023-12-31,12041975570,325634818,0.0992865635994393,0.0,KHC,0.05764648871299923,0.40249564075435124
500754106,KRAFT HEINZ CO,COM,2024-03-31,12015924784,325634818,-0.0021633315769963,0.0,KHC,,
500754106,KRAFT HEINZ CO,COM,2024-06-30,10491953836,325634818,-0.1268292682748204,0.0,KHC,,
501044101,KROGER CO,COM,2020-06-30,742672,21940079,,,KR,,
501044101,KROGER CO,COM,2020-09-30,847019,24978439,0.1405021328392615,0.1384844603339852,KR,,
501044101,KROGER CO,COM,2020-12-31,1065040,33534017,0.2573980040589407,0.3425185216738324,KR,,
501044101,KROGER CO,COM,2021-03-31,1837660,51060296,0.7254375422519341,0.522641799817779,KR,0.26994569757727654,2.2089598395989976
501044101,KROGER CO,COM,2021-06-30,2367094,61787910,0.2881022604834409,0.2100969802446894,KR,0.26994569757727654,2.2089598395989976
501044101,KROGER CO,COM,2021-09-30,2498086,61787910,0.0553387402443672,0.0,KR,0.26994569757727654,2.2089598395989976
501044101,KROGER CO,COM,2021-12-31,2779549,61412910,0.1126714612707489,-0.0060691484790471,KR,0.26994569757727654,2.2089598395989976
501044101,KROGER CO,COM,2022-03-31,3326615,57985263,0.1968182608041808,-0.0558131344044762,KR,0.1750952179432924,2.237938999576809
501044101,KROGER CO,COM,2022-06-30,2481858,52437295,-0.253938913880927,-0.095678931386411,KR,0.1750952179432924,2.237938999576809
501044101,KROGER CO,COM,2022-09-30,2199260,50268823,-0.1138654991542627,-0.0413536205481231,KR,0.1750952179432924,2.237938999576809
501044101,KROGER CO,COM,2022-12-31,2229000000,50000000,1012.5227303729436,-0.005347708260446,KR,0.1750952179432924,2.237938999576809
501044101,KROGER CO,COM,2023-03-31,2468499999,50000000,0.1074472853297443,0.0,KR,0.22346146186018723,2.106452840470026
501044101,KROGER CO,COM,2023-06-30,2350000000,50000000,-0.0480048608661149,0.0,KR,0.22346146186018723,2.106452840470026
501044101,KROGER CO,COM,2023-09-30,2237500000,50000000,-0.0478723404255319,0.0,KR,0.22346146186018723,2.106452840470026
501044101,KROGER CO,COM,2023-09-30,2237500000,50000000,0.0,0.0,KR,0.22346146186018723,2.106452840470026
501044101,KROGER CO,COM,2023-12-31,2285500000,50000000,0.0214525139664805,0.0,KR,0.22346146186018723,2.106452840470026
501044101,KROGER CO,COM,2024-03-31,2856500000,50000000,0.2498359221176984,0.0,KR,0.18631080499354283,1.8211794596642272
501044101,KROGER CO,COM,2024-06-30,2496500001,50000000,-0.1260283560301067,0.0,KR,0.18631080499354283,1.8211794596642272
526057302,LENNAR CORP,CL A,2023-06-30,17237585,152572,,,LENB,0.14817203212079277,0.15204157488315567
526057302,LENNAR CORP,CL B,2023-09-30,15597436,152572,-0.0951495815684158,0.0,LENB,0.14817203212079277,0.15204157488315567
526057302,LENNAR CORP,CL B,2023-09-30,15597436,152572,0.0,0.0,LENB,0.14817203212079277,0.15204157488315567
526057302,LENNAR CORP,CL B,2023-12-31,20452277,152572,0.3112589146062212,0.0,LENB,0.14817203212079277,0.15204157488315567
526057302,LENNAR CORP,CL B,2024-03-31,23523551,152572,0.1501678272790849,0.0,LENB,,
526057302,LENNAR CORP,CL B,2024-06-30,21273114,152572,-0.0956674015755529,0.0,LENB,,
531229409,LIBERTY MEDIA CORP DELAWARE,COM A SIRIUSXM,2020-06-30,512980,14860360,,,LSXMA,-0.09054545454545454,1.3481211966060607
531229409,LIBERTY MEDIA CORP DELAWARE,COM A SIRIUSXM,2020-09-30,492918,14860360,-0.0391087371827362,0.0,LSXMA,-0.09054545454545454,1.3481211966060607
531229409,LIBERTY MEDIA CORP DELAWARE,COM A SIRIUSXM,2020-12-31,641819,14860360,0.3020806706186425,0.0,LSXMA,-0.09054545454545454,1.3481211966060607
531229409,LIBERTY MEDIA CORP DELAWARE,COM A SIRIUSXM,2021-03-31,655045,14860360,0.0206070558833564,0.0,LSXMA,0.07453957192633151,1.3840218855151818
531229409,LIBERTY MEDIA CORP DELAWARE,COM A SIRIUSXM,2021-06-30,692195,14860360,0.0567136608935263,0.0,LSXMA,0.07453957192633151,1.3840218855151818
531229409,LIBERTY MEDIA CORP DELAWARE,COM A SIRIUSXM,2021-09-30,700963,14860360,0.0126669507869892,0.0,LSXMA,0.07453957192633151,1.3840218855151818
531229409,LIBERTY MEDIA CORP DELAWARE,COM A SIRIUSXM,2021-12-31,1027561,20207680,0.4659275881893909,0.3598378504962194,LSXMA,0.07453957192633151,1.3840218855151818
531229409,LIBERTY MEDIA CORP DELAWARE,COM A SIRIUSXM,2022-03-31,923692,20207680,-0.1010830500573688,0.0,LSXMA,0.1475054229934924,1.2697796405982418
531229409,LIBERTY MEDIA CORP DELAWARE,COM A SIRIUSXM,2022-06-30,728285,20207680,-0.2115499538807308,0.0,LSXMA,0.1475054229934924,1.2697796405982418
531229409,LIBERTY MEDIA CORP DELAWARE,COM A SIRIUSXM,2022-09-30,769307,20207680,0.0563268500655649,0.0,LSXMA,0.1475054229934924,1.2697796405982418
531229409,LIBERTY MEDIA CORP DELAWARE,COM A SIRIUSXM,2022-12-31,794363900,20207680,1031.570742239444,0.0,LSXMA,0.1475054229934924,1.2697796405982418
531229409,LIBERTY MEDIA CORP DELAWARE,COM A SIRIUSXM,2023-03-31,567633731,20207680,-0.2854235558791128,0.0,LSXMA,0.08155435317265125,1.0941465688145597
531229409,LIBERTY MEDIA CORP DELAWARE,COM A SIRIUSXM,2023-06-30,663013981,20207680,0.1680313286385724,0.0,LSXMA,0.08155435317265125,1.0941465688145597
531229607,LIBERTY MEDIA CORP DELAWARE,COM C SIRIUSXM,2020-06-30,1488525,43208291,,,LSXMK,-0.09054545454545454,1.3481211966060607
531229607,LIBERTY MEDIA CORP DELAWARE,COM C SIRIUSXM,2020-09-30,1429330,43208291,-0.0397675551300784,0.0,LSXMK,-0.09054545454545454,1.3481211966060607
531229607,LIBERTY MEDIA CORP DELAWARE,COM C SIRIUSXM,2020-12-31,1879993,43208291,0.3152966774642665,0.0,LSXMK,-0.09054545454545454,1.3481211966060607
531229607,LIBERTY MEDIA CORP DELAWARE,COM C SIRIUSXM,2021-03-31,1905918,43208291,0.0137899449625611,0.0,LSXMK,0.07453957192633151,1.3840218855151818
531229607,LIBERTY MEDIA CORP DELAWARE,COM C SIRIUSXM,2021-06-30,2004432,43208291,0.0516884776784729,0.0,LSXMK,0.07453957192633151,1.3840218855151818
531229607,LIBERTY MEDIA CORP DELAWARE,COM C SIRIUSXM,2021-09-30,2051097,43208291,0.0232809095045378,0.0,LSXMK,0.07453957192633151,1.3840218855151818
531229607,LIBERTY MEDIA CORP DELAWARE,COM C SIRIUSXM,2021-12-31,2197142,43208291,0.0712033609331981,0.0,LSXMK,0.07453957192633151,1.3840218855151818
531229607,LIBERTY MEDIA CORP DELAWARE,COM C SIRIUSXM,2022-03-31,1975915,43208291,-0.1006885308277754,0.0,LSXMK,0.1475054229934924,1.2697796405982418
531229607,LIBERTY MEDIA CORP DELAWARE,COM C SIRIUSXM,2022-06-30,1557660,43208291,-0.2116766156438916,0.0,LSXMK,0.1475054229934924,1.2697796405982418
531229607,LIBERTY MEDIA CORP DELAWARE,COM C SIRIUSXM,2022-09-30,1629386,43208291,0.0460472760422685,0.0,LSXMK,0.1475054229934924,1.2697796405982418
531229607,LIBERTY MEDIA CORP DELAWARE,COM C SIRIUSXM,2022-12-31,1690740426,43208291,1036.6549362766098,0.0,LSXMK,0.1475054229934924,1.2697796405982418
531229607,LIBERTY MEDIA CORP DELAWARE,COM C SIRIUSXM,2023-03-31,1209400065,43208291,-0.2846920518359924,0.0,LSXMK,0.08155435317265125,1.0941465688145597
531229607,LIBERTY MEDIA CORP DELAWARE,COM C SIRIUSXM,2023-06-30,1414207364,43208291,0.1693461948011387,0.0,LSXMK,0.08155435317265125,1.0941465688145597
531229722,LIBERTY MEDIA CORP DEL,COM LBTY LIV S C,2023-09-30,357356140,11132590,,,LLYVK,0.7553191489361702,-7.542553191489362
531229722,LIBERTY MEDIA CORP DEL,COM LBTY LIV S C,2023-09-30,357356140,11132590,0.0,0.0,LLYVK,0.7553191489361702,-7.542553191489362
531229722,LIBERTY MEDIA CORP DEL,COM LBTY LIV S C,2023-12-31,416247540,11132590,0.1647975042488425,0.0,LLYVK,0.7553191489361702,-7.542553191489362
531229722,LIBERTY MEDIA CORP DEL,COM LBTY LIV S C,2024-03-31,487830094,11132590,0.1719711160335024,0.0,LLYVK,,
531229722,LIBERTY MEDIA CORP DEL,COM LBTY LIV S C,2024-06-30,417818885,10917661,-0.1435155597432248,-0.0193062890127094,LLYVK,,
531229748,LIBERTY MEDIA CORP DEL,COM LBTY LIV S A,2023-09-30,161257223,5051918,,,LLYVA,0.7553191489361702,-7.542553191489362
531229748,LIBERTY MEDIA CORP DEL,COM LBTY LIV S A,2023-09-30,161257223,5051918,0.0,0.0,LLYVA,0.7553191489361702,-7.542553191489362
531229748,LIBERTY MEDIA CORP DEL,COM LBTY LIV S A,2023-12-31,184647602,5051918,0.1450501166077999,0.0,LLYVA,0.7553191489361702,-7.542553191489362
531229748,LIBERTY MEDIA CORP DEL,COM LBTY LIV S A,2024-03-31,213948727,5051918,0.1586867345290517,0.0,LLYVA,,
531229748,LIBERTY MEDIA CORP DEL,COM LBTY LIV S A,2024-06-30,187046916,4986588,-0.1257395235635124,-0.0129317221696789,LLYVA,,
531229789,LIBERTY MEDIA CORP DEL,COM LBTY SRM S C,2023-09-30,1100083089,43208291,,,BATRK,-0.2370312355159034,1.3289633047482297
531229789,LIBERTY MEDIA CORP DEL,COM LBTY SRM S C,2023-09-30,1100083089,43208291,0.0,0.0,BATRK,-0.2370312355159034,1.3289633047482297
531229789,LIBERTY MEDIA CORP DEL,COM LBTY SRM S C,2023-12-31,1243534615,43208291,0.1304006283110856,0.0,BATRK,-0.2370312355159034,1.3289633047482297
531229789,LIBERTY MEDIA CORP DEL,COM LBTY SRM S C,2024-03-31,1945597617,65486288,0.5645705342910781,0.5155954212583878,BATRK,,
531229789,LIBERTY MEDIA CORP DEL,COM LBTY SRM S C,2024-06-30,1551264198,70002897,-0.2026798427148772,0.0689703010804339,BATRK,,
531229813,LIBERTY MEDIA CORP DEL,COM LBTY SRM S A,2023-09-30,514285456,20207680,,,BATRK,-0.2370312355159034,1.3289633047482297
531229813,LIBERTY MEDIA CORP DEL,COM LBTY SRM S A,2023-09-30,514285456,20207680,0.0,0.0,BATRK,-0.2370312355159034,1.3289633047482297
531229813,LIBERTY MEDIA CORP DEL,COM LBTY SRM S A,2023-12-31,580768723,20207680,0.1292730840904823,0.0,BATRK,-0.2370312355159034,1.3289633047482297
531229813,LIBERTY MEDIA CORP DEL,COM LBTY SRM S A,2024-03-31,972842033,32755624,0.6750937067938487,0.6209492628545186,BATRK,,
531229813,LIBERTY MEDIA CORP DEL,COM LBTY SRM S A,2024-06-30,779286152,35182219,-0.1989592086221052,0.0740817821086234,BATRK,,
531229854,LIBERTY MEDIA CORP DEL,COM SER C FRMLA,2021-12-31,133989,2118746,,,FWONK,-0.02996845425867508,0.45930599369085173
531229854,LIBERTY MEDIA CORP DEL,COM SER C FRMLA,2022-03-31,539336,7722451,3.025225951384069,2.644821512347398,FWONK,0.08075253256150507,0.4214182344428365
531229854,LIBERTY MEDIA CORP DEL,COM SER C FRMLA,2022-06-30,490143,7722451,-0.0912103030392927,0.0,FWONK,0.08075253256150507,0.4214182344428365
531229854,LIBERTY MEDIA CORP DEL,COM SER C FRMLA,2022-09-30,451764,7722451,-0.0783016385014169,0.0,FWONK,0.08075253256150507,0.4214182344428365
531229854,LIBERTY MEDIA CORP DEL,COM SER C FRMLA,2022-12-31,461648121,7722451,1020.8789478577312,0.0,FWONK,0.08075253256150507,0.4214182344428365
531229854,LIBERTY MEDIA CORP DEL,COM SER C FRMLA,2023-03-31,577871009,7722451,0.2517564411358235,0.0,FWONK,0.02882068858077582,0.4536532170119956
531229854,LIBERTY MEDIA CORP DEL,COM SER C FRMLA,2023-06-30,581346111,7722451,0.0060136292457613,0.0,FWONK,0.02882068858077582,0.4536532170119956
531229854,LIBERTY MEDIA CORP DEL,COM SER C FRMLA,2023-09-30,481108697,7722451,-0.1724229544213807,0.0,FWONK,0.02882068858077582,0.4536532170119956
531229854,LIBERTY MEDIA CORP DEL,COM SER C FRMLA,2023-09-30,481108697,7722451,0.0,0.0,FWONK,0.02882068858077582,0.4536532170119956
531229854,LIBERTY MEDIA CORP DEL,COM SER C FRMLA,2023-12-31,487518332,7722451,0.0133226338246801,0.0,FWONK,0.02882068858077582,0.4536532170119956
531229854,LIBERTY MEDIA CORP DEL,COM SER C FRMLA,2024-03-31,506592786,7722451,0.0391256138446092,0.0,FWONK,,
531229854,LIBERTY MEDIA CORP DEL,COM SER C FRMLA,2024-06-30,554780880,7722451,0.0951219506706517,0.0,FWONK,,
546347105,LOUISIANA PAC CORP,COM,2022-09-30,296692,5795906,,,LPX,0.7573221757322176,0.2580195258019526
546347105,LOUISIANA PAC CORP,COM,2022-12-31,417058613,7044909,1404.6955125180325,0.2154974563079525,LPX,0.7573221757322176,0.2580195258019526
546347105,LOUISIANA PAC CORP,COM,2023-03-31,381904517,7044909,-0.0842905407159161,0.0,LPX,0.11432241490044959,0.23763648041104687
546347105,LOUISIANA PAC CORP,COM,2023-06-30,528227277,7044909,0.3831396422053841,0.0,LPX,0.11432241490044959,0.23763648041104687
546347105,LOUISIANA PAC CORP,COM,2023-09-30,389372120,7044909,-0.2628700997582145,0.0,LPX,0.11432241490044959,0.23763648041104687
546347105,LOUISIANA PAC CORP,COM,2023-09-30,389372120,7044909,0.0,0.0,LPX,0.11432241490044959,0.23763648041104687
546347105,LOUISIANA PAC CORP,COM,2023-12-31,498990904,7044909,0.2815270492401973,0.0,LPX,0.11432241490044959,0.23763648041104687
546347105,LOUISIANA PAC CORP,COM,2024-03-31,553633733,6597947,0.1095066634721662,-0.0634446804068015,LPX,,
546347105,LOUISIANA PAC CORP,COM,2024-06-30,491081408,5964793,-0.1129850319290425,-0.0959622743256349,LPX,,
55261F104,M & T BK CORP,COM,2020-06-30,471626,4536174,,,MTB,0.08359352214945523,0.876490530004325
55261F104,M & T BK CORP,COM,2020-09-30,268867,2919613,-0.4299148053754458,-0.3563710298590838,MTB,0.08359352214945523,0.876490530004325
570535104,MARKEL CORP,COM,2022-03-31,620034,420293,,,MKL,-0.01644555198221532,0.33456350445065636
570535104,MARKEL CORP,COM,2022-06-30,604738,467611,-0.0246696148920865,0.1125833644624108,MKL,-0.01644555198221532,0.33456350445065636
570535104,MARKEL CORP,COM,2022-09-30,506993,467611,-0.1616319794687947,0.0,MKL,-0.01644555198221532,0.33456350445065636
570535104,MARKEL CORP,COM,2022-12-31,616072818,467611,1214.1505405400076,0.0,MKL,-0.01644555198221532,0.33456350445065636
570535104,MARKEL CORP,COM,2023-03-31,602504481,471661,-0.0220239176337105,0.0086610451849935,MKL,0.13321340038473223,0.29363969821531444
570535104,MARKEL CORP,COM,2023-06-30,652392063,471661,0.0828003501603833,0.0,MKL,0.13321340038473223,0.29363969821531444
570535104,MARKEL CORP,COM,2023-09-30,233706251,158715,-0.6417702417694803,-0.6634977240009243,MKL,0.13321340038473223,0.29363969821531444
570535104,MARKEL CORP,COM,2023-09-30,233706251,158715,0.0,0.0,MKL,0.13321340038473223,0.29363969821531444
571748102,MARSH & MCLENNAN COS INC,COM,2020-09-30,386138,3366507,,,MMC,0.22144112478031636,1.6233523514938488
571748102,MARSH & MCLENNAN COS INC,COM,2020-12-31,499336,4267825,0.293154260911902,0.2677309151592437,MMC,0.22144112478031636,1.6233523514938488
571748102,MARSH & MCLENNAN COS INC,COM,2021-03-31,644021,5287526,0.2897547943669192,0.2389275567765783,MMC,0.28549368698337724,1.3424470713052956
571748102,MARSH & MCLENNAN COS INC,COM,2021-06-30,590391,4196692,-0.0832736820693734,-0.206303288154044,MMC,0.28549368698337724,1.3424470713052956
571748102,MARSH & MCLENNAN COS INC,COM,2021-09-30,415184,2741755,-0.2967643476950021,-0.3466866284206703,MMC,0.28549368698337724,1.3424470713052956
571748102,MARSH & MCLENNAN COS INC,COM,2021-12-31,70382,404911,-0.8304799799606921,-0.852316855444779,MMC,0.28549368698337724,1.3424470713052956
571748102,MARSH & MCLENNAN COS INC,COM,2022-03-31,69005,404911,-0.0195646614191128,0.0,MMC,0.2899239543726236,1.4048478904942965
571748102,MARSH & MCLENNAN COS INC,COM,2022-06-30,62862,404911,-0.0890225345989421,0.0,MMC,0.2899239543726236,1.4048478904942965
571748102,MARSH & MCLENNAN COS INC,COM,2022-09-30,60449,404911,-0.0383856701982119,0.0,MMC,0.2899239543726236,1.4048478904942965
571748102,MARSH & MCLENNAN COS INC,COM,2022-12-31,67004672,404911,1107.4496352296978,0.0,MMC,0.2899239543726236,1.4048478904942965
571748102,MARSH & MCLENNAN COS INC,COM,2023-03-31,67437927,404911,0.0064660416515434,0.0,MMC,0.30809613649413503,1.2122877375112788
57636Q104,MASTERCARD INC,CL A,2020-06-30,1349798,4564756,,,MA,1.0031294007197622,2.441714941636677
57636Q104,MASTERCARD INC,CL A,2020-09-30,1543664,4564756,0.1436259351399247,0.0,MA,1.0031294007197622,2.441714941636677
57636Q104,MASTERCARD INC,CL A,2020-12-31,1629344,4564756,0.0555043066366773,0.0,MA,1.0031294007197622,2.441714941636677
57636Q104,MASTERCARD INC,CL A,2021-03-31,1625281,4564756,-0.0024936416128208,0.0,MA,1.18804704595186,2.13416304595186
57636Q104,MASTERCARD INC,CL A,2021-06-30,1666547,4564756,0.0253900710092593,0.0,MA,1.18804704595186,2.13416304595186
57636Q104,MASTERCARD INC,CL A,2021-09-30,1491077,4288648,-0.1052895597903929,-0.0604869132106952,MA,1.18804704595186,2.13416304595186
57636Q104,MASTERCARD INC,CL A,2021-12-31,1432482,3986648,-0.0392970986743139,-0.0704184628815421,MA,1.18804704595186,2.13416304595186
57636Q104,MASTERCARD INC,CL A,2022-03-31,1424748,3986648,-0.0053990207206792,0.0,MA,1.5766910130200062,2.477770751349635
57636Q104,MASTERCARD INC,CL A,2022-06-30,1257708,3986648,-0.1172417859158251,0.0,MA,1.5766910130200062,2.477770751349635
57636Q104,MASTERCARD INC,CL A,2022-09-30,1133563,3986648,-0.0987073311134222,0.0,MA,1.5766910130200062,2.477770751349635
57636Q104,MASTERCARD INC,CL A,2022-12-31,1386277109,3986648,1221.9378596513825,0.0,MA,1.5766910130200062,2.477770751349635
57636Q104,MASTERCARD INC,CL A,2023-03-31,1448787750,3986648,0.045092457052178,0.0,MA,1.6156732573242891,2.2521287620147206
57636Q104,MASTERCARD INC,CL A,2023-06-30,1567948658,3986648,0.0822486993005013,0.0,MA,1.6156732573242891,2.2521287620147206
57636Q104,MASTERCARD INC,CL A,2023-09-30,1578353810,3986648,0.0066361560672989,0.0,MA,1.6156732573242891,2.2521287620147206
57636Q104,MASTERCARD INC,CL A,2023-09-30,1578353810,3986648,0.0,0.0,MA,1.6156732573242891,2.2521287620147206
57636Q104,MASTERCARD INC,CL A,2023-12-31,1700345238,3986648,0.0772902927259382,0.0,MA,1.6156732573242891,2.2521287620147206
57636Q104,MASTERCARD INC,CL A,2024-03-31,1919850077,3986648,0.1290942769117808,0.0,MA,,
57636Q104,MASTERCARD INC,CL A,2024-06-30,1758749632,3986648,-0.0839130341113609,0.0,MA,,
58155Q103,MCKESSON CORP,COM,2022-03-31,894504,2921975,,,MCK,-0.4903169014084507,-3.2728874366197185
58155Q103,MCKESSON CORP,COM,2022-06-30,1043331,3198344,0.1663793566043303,0.0945829447548318,MCK,-0.4903169014084507,-3.2728874366197185
58155Q103,MCKESSON CORP,COM,2022-09-30,1087021,3198344,0.0418754930122846,0.0,MCK,-0.4903169014084507,-3.2728874366197185
58155Q103,MCKESSON CORP,COM,2022-12-31,1071160412,2855514,984.4091245707305,-0.1071898457451731,MCK,-0.4903169014084507,-3.2728874366197185
58155Q103,MCKESSON CORP,COM,2023-03-31,815306077,2289864,-0.2388571610131536,-0.1980904313549154,MCK,-1.9170705438879914,-4.004308161550888
58933Y105,MERCK & CO. INC,COM,2020-09-30,1858337,22403102,,,MRK,0.2791404984792827,1.4925939193427342
58933Y105,MERCK & CO. INC,COM,2020-12-31,2347450,28697435,0.2631993013107956,0.2809581012486575,MRK,0.2791404984792827,1.4925939193427342
58933Y105,MERCK & CO. INC,COM,2021-03-31,1378553,17882388,-0.4127444674007966,-0.3768645873751435,MRK,0.3417399958097633,0.9896291707521475
58933Y105,MERCK & CO. INC,COM,2021-06-30,712155,9157192,-0.4834039750375938,-0.4879211881545127,MRK,0.3417399958097633,0.9896291707521475
609207105,MONDELEZ INTL INC,CL A,2020-06-30,29553,578000,,,MDLZ,0.128907099862209,0.7340996516063529
609207105,MONDELEZ INTL INC,CL A,2020-09-30,33206,578000,0.1236084323080566,0.0,MDLZ,0.128907099862209,0.7340996516063529
609207105,MONDELEZ INTL INC,CL A,2020-12-31,33796,578000,0.0177678732759138,0.0,MDLZ,0.128907099862209,0.7340996516063529
609207105,MONDELEZ INTL INC,CL A,2021-03-31,33830,578000,0.0010060362173038,0.0,MDLZ,0.1521100852523966,0.716155512823234
609207105,MONDELEZ INTL INC,CL A,2021-06-30,36090,578000,0.0668046112917528,0.0,MDLZ,0.1521100852523966,0.716155512823234
609207105,MONDELEZ INTL INC,CL A,2021-09-30,33628,578000,-0.0682183430313105,0.0,MDLZ,0.1521100852523966,0.716155512823234
609207105,MONDELEZ INTL INC,CL A,2021-12-31,38327,578000,0.1397347448554775,0.0,MDLZ,0.1521100852523966,0.716155512823234
609207105,MONDELEZ INTL INC,CL A,2022-03-31,36287,578000,-0.053226185195815,0.0,MDLZ,0.10106758918275491,0.7530781606219544
609207105,MONDELEZ INTL INC,CL A,2022-06-30,35888,578000,-0.0109956733816518,0.0,MDLZ,0.10106758918275491,0.7530781606219544
609207105,MONDELEZ INTL INC,CL A,2022-09-30,31692,578000,-0.1169193045028978,0.0,MDLZ,0.10106758918275491,0.7530781606219544
609207105,MONDELEZ INTL INC,CL A,2022-12-31,38523700,578000,1214.5654423829358,0.0,MDLZ,0.10106758918275491,0.7530781606219544
609207105,MONDELEZ INTL INC,CL A,2023-03-31,40298160,578000,0.0460615153788446,0.0,MDLZ,0.17503176620076238,0.7145630450374135
609207105,MONDELEZ INTL INC,CL A,2023-06-30,42159320,578000,0.0461847389558232,0.0,MDLZ,0.17503176620076238,0.7145630450374135
615369105,MOODYS CORP,COM,2020-06-30,6777528,24669778,,,MCO,1.1332058636073932,5.126194906309752
615369105,MOODYS CORP,COM,2020-09-30,7150535,24669778,0.0550358478784596,0.0,MCO,1.1332058636073932,5.126194906309752
615369105,MOODYS CORP,COM,2020-12-31,7160156,24669778,0.0013454937287908,0.0,MCO,1.1332058636073932,5.126194906309752
615369105,MOODYS CORP,COM,2021-03-31,7366643,24669778,0.0288383381591126,0.0,MCO,0.8118811881188119,2.9493948690869085
615369105,MOODYS CORP,COM,2021-06-30,8939587,24669778,0.2135224959320005,0.0,MCO,0.8118811881188119,2.9493948690869085
615369105,MOODYS CORP,COM,2021-09-30,8760485,24669778,-0.0200347063013089,0.0,MCO,0.8118811881188119,2.9493948690869085
615369105,MOODYS CORP,COM,2021-12-31,9635522,24669778,0.0998845383560385,0.0,MCO,0.8118811881188119,2.9493948690869085
615369105,MOODYS CORP,COM,2022-03-31,8323829,24669778,-0.136130974533606,0.0,MCO,0.5454545454545454,3.192933627630012
615369105,MOODYS CORP,COM,2022-06-30,6709439,24669778,-0.193948001574756,0.0,MCO,0.5454545454545454,3.192933627630012
615369105,MOODYS CORP,COM,2022-09-30,5997470,24669778,-0.1061145350602338,0.0,MCO,0.5454545454545454,3.192933627630012
615369105,MOODYS CORP,COM,2022-12-31,6873493546,24669778,1145.0655152922816,0.0,MCO,0.5454545454545454,3.192933627630012
615369105,MOODYS CORP,COM,2023-03-31,7549445464,24669778,0.0983418277003209,0.0,MCO,,
615369105,MOODYS CORP,COM,2023-06-30,8578175206,24669778,0.1362656034679052,0.0,MCO,,
615369105,MOODYS CORP,COM,2023-09-30,7799843711,24669778,-0.0907339237435481,0.0,MCO,,
615369105,MOODYS CORP,COM,2023-09-30,7799843711,24669778,0.0,0.0,MCO,,
615369105,MOODYS CORP,COM,2023-12-31,9635028496,24669778,0.2352848150549307,0.0,MCO,,
615369105,MOODYS CORP,COM,2024-03-31,9695962848,24669778,0.0063242523906699,0.0,MCO,,
615369105,MOODYS CORP,COM,2024-06-30,10384249654,24669778,0.0709869475357956,0.0,MCO,,
62944T105,NVR INC,COM,2023-06-30,70568089,11112,,,NVR,0.364653214120019,0.23250559336498863
62944T105,NVR INC,COM,2023-09-30,66264190,11112,-0.0609893092046179,0.0,NVR,0.364653214120019,0.23250559336498863
62944T105,NVR INC,COM,2023-09-30,66264190,11112,0.0,0.0,NVR,0.364653214120019,0.23250559336498863
62944T105,NVR INC,COM,2023-12-31,77789000,11112,0.1739221440720848,0.0,NVR,0.364653214120019,0.23250559336498863
62944T105,NVR INC,COM,2024-03-31,90006756,11112,0.157062772371415,0.0,NVR,,
62944T105,NVR INC,COM,2024-06-30,84324079,11112,-0.0631361161377708,0.0,NVR,,
674599105,OCCIDENTAL PETE CORP,COM,2022-03-31,7737804,136373000,,,OXY,0.4422137277713146,0.6918730115339871
674599105,OCCIDENTAL PETE CORP,COM,2022-06-30,9335408,158549729,0.2064673646424748,0.1626181795516708,OXY,0.4422137277713146,0.6918730115339871
674599105,OCCIDENTAL PETE CORP,COM,2022-09-30,11942909,194351650,0.2793130198487308,0.2258087807895274,OXY,0.4422137277713146,0.6918730115339871
674599105,OCCIDENTAL PETE CORP,COM,2022-12-31,12242210434,194351650,1024.0610160388896,0.0,OXY,0.4422137277713146,0.6918730115339871
674599105,OCCIDENTAL PETE CORP,COM,2023-03-31,13216875439,211707119,0.0796151160980769,0.0892993138982869,OXY,0.1552396694214876,0.6880991587438017
674599105,OCCIDENTAL PETE CORP,COM,2023-06-30,13178796490,224129192,-0.0028810855618445,0.0586757453347612,OXY,0.1552396694214876,0.6880991587438017
674599105,OCCIDENTAL PETE CORP,COM,2023-09-30,14541501977,224129192,0.1034013605137627,0.0,OXY,0.1552396694214876,0.6880991587438017
674599105,OCCIDENTAL PETE CORP,COM,2023-09-30,14541501977,224129192,0.0,0.0,OXY,0.1552396694214876,0.6880991587438017
674599105,OCCIDENTAL PETE CORP,COM,2023-12-31,14552270657,243715804,0.0007405479858293,0.087389830058371,OXY,0.1552396694214876,0.6880991587438017
674599105,OCCIDENTAL PETE CORP,COM,2024-03-31,16118698139,248018128,0.107641447779595,0.0176530365671321,OXY,,
674599105,OCCIDENTAL PETE CORP,COM,2024-06-30,16090394458,255281524,-0.0017559532882819,0.0292857464031823,OXY,,
68622V106,ORGANON & CO,COMMON STOCK,2021-06-30,46918,1550481,,,OGN,-0.8958885941644562,-5.740053050397878
693475105,PNC FINL SVCS GROUP INC,COM,2020-06-30,562935,5350586,,,PNC,0.13917793001296055,1.2603036320681356
693475105,PNC FINL SVCS GROUP INC,COM,2020-09-30,211008,1919827,-0.6251645394228463,-0.6411931328643254,PNC,0.13917793001296055,1.2603036320681356
717081103,PFIZER INC,COM,2020-09-30,136222,3711780,,,PFE,0.14483380246054586,1.10468390676492
742718109,PROCTER & GAMBLE CO,COM,2020-06-30,37712,315400,,,PG,,
742718109,PROCTER & GAMBLE CO,COM,2020-09-30,43837,315400,0.1624151463725074,0.0,PG,,
742718109,PROCTER & GAMBLE CO,COM,2020-12-31,43885,315400,0.0010949654401533,0.0,PG,,
742718109,PROCTER & GAMBLE CO,COM,2021-03-31,42715,315400,-0.0266605901788765,0.0,PG,0.30846522057872267,0.7795290856871793
742718109,PROCTER & GAMBLE CO,COM,2021-06-30,42557,315400,-0.0036989348004213,0.0,PG,0.30846522057872267,0.7795290856871793
742718109,PROCTER & GAMBLE CO,COM,2021-09-30,44093,315400,0.036092769697112,0.0,PG,0.30846522057872267,0.7795290856871793
742718109,PROCTER & GAMBLE CO,COM,2021-12-31,51593,315400,0.1700950264214273,0.0,PG,0.30846522057872267,0.7795290856871793
742718109,PROCTER & GAMBLE CO,COM,2022-03-31,48193,315400,-0.065900412846704,0.0,PG,0.31642662431045954,0.7759986249114598
742718109,PROCTER & GAMBLE CO,COM,2022-06-30,45351,315400,-0.0589712198867055,0.0,PG,0.31642662431045954,0.7759986249114598
742718109,PROCTER & GAMBLE CO,COM,2022-09-30,39819,315400,-0.1219818747105907,0.0,PG,0.31642662431045954,0.7759986249114598
742718109,PROCTER & GAMBLE CO,COM,2022-12-31,47802024,315400,1199.4827846003163,0.0,PG,0.31642662431045954,0.7759986249114598
742718109,PROCTER & GAMBLE CO,COM,2023-03-31,46896826,315400,-0.0189363948271311,0.0,PG,0.31325223934839774,0.7728798327383115
742718109,PROCTER & GAMBLE CO,COM,2023-06-30,47858796,315400,0.0205124756204182,0.0,PG,0.31325223934839774,0.7728798327383115
74967X103,RH,COM,2020-06-30,425208,1708348,,,RH,,
74967X103,RH,COM,2020-09-30,653648,1708348,0.5372429493330324,0.0,RH,,
74967X103,RH,COM,2020-12-31,775350,1732548,0.1861888967762466,0.0141657320405443,RH,,
74967X103,RH,COM,2021-03-31,1047897,1756448,0.3515147997678467,0.0137947116039498,RH,0.6080518806512373,8.38678290748189
74967X103,RH,COM,2021-06-30,1216746,1791967,0.1611312943924832,0.0202220617974457,RH,0.6080518806512373,8.38678290748189
74967X103,RH,COM,2021-09-30,1195081,1791967,-0.0178056882866267,0.0,RH,0.6080518806512373,8.38678290748189
74967X103,RH,COM,2021-12-31,973561,1816547,-0.1853598207987575,0.0137167704539202,RH,0.6080518806512373,8.38678290748189
74967X103,RH,COM,2022-03-31,707615,2170000,-0.2731682965936393,0.1945741013031867,RH,0.5883615588446154,3.2036090737492064
74967X103,RH,COM,2022-06-30,460605,2170000,-0.3490740021056647,0.0,RH,0.5883615588446154,3.2036090737492064
74967X103,RH,COM,2022-09-30,580724,2360000,0.2607852715450331,0.0875576036866359,RH,0.5883615588446154,3.2036090737492064
74967X103,RH,COM,2022-12-31,630568400,2360000,1084.831479325807,0.0,RH,0.5883615588446154,3.2036090737492064
78462F103,SPDR S&P 500 ETF TR,TR UNIT,2020-06-30,12149,39400,,,SPY,,
78462F103,SPDR S&P 500 ETF TR,TR UNIT,2020-09-30,13195,39400,0.0860976212033912,0.0,SPY,,
78462F103,SPDR S&P 500 ETF TR,TR UNIT,2020-12-31,14731,39400,0.1164077302008337,0.0,SPY,,
78462F103,SPDR S&P 500 ETF TR,TR UNIT,2021-03-31,15615,39400,0.0600095037675649,0.0,SPY,,
78462F103,SPDR S&P 500 ETF TR,TR UNIT,2021-06-30,16866,39400,0.0801152737752162,0.0,SPY,,
78462F103,SPDR S&P 500 ETF TR,TR UNIT,2021-09-30,16908,39400,0.0024902170046245,0.0,SPY,,
78462F103,SPDR S&P 500 ETF TR,TR UNIT,2021-12-31,18713,39400,0.1067541991956471,0.0,SPY,,
78462F103,SPDR S&P 500 ETF TR,TR UNIT,2022-03-31,17795,39400,-0.0490568054293806,0.0,SPY,,
78462F103,SPDR S&P 500 ETF TR,TR UNIT,2022-06-30,14864,39400,-0.16470918797415,0.0,SPY,,
78462F103,SPDR S&P 500 ETF TR,TR UNIT,2022-09-30,14073,39400,-0.0532158234660925,0.0,SPY,,
78462F103,SPDR S&P 500 ETF TR,TR UNIT,2022-12-31,15067742,39400,1069.6844311802745,0.0,SPY,,
78462F103,SPDR S&P 500 ETF TR,TR UNIT,2023-03-31,16129966,39400,0.0704965614622283,0.0,SPY,,
78462F103,SPDR S&P 500 ETF TR,TR UNIT,2023-06-30,17465232,39400,0.0827816996018466,0.0,SPY,,
78462F103,SPDR S&P 500 ETF TR,TR UNIT,2023-09-30,16842712,39400,-0.0356433856704565,0.0,SPY,,
78462F103,SPDR S&P 500 ETF TR,TR UNIT,2023-09-30,16842712,39400,0.0,0.0,SPY,,
78462F103,SPDR S&P 500 ETF TR,TR UNIT,2023-12-31,18727214,39400,0.111888275474876,0.0,SPY,,
78462F103,SPDR S&P 500 ETF TR,TR UNIT,2024-03-31,20608958,39400,0.1004817908312469,0.0,SPY,,
78462F103,SPDR S&P 500 ETF TR,TR UNIT,2024-06-30,21442268,39400,0.0404343586900415,0.0,SPY,,
82968B103,SIRIUS XM HLDGS INC,COM,2020-06-30,293500,50000000,,,SIRI,-0.05733041575492341,-4.109409246389497
82968B103,SIRIUS XM HLDGS INC,COM,2020-09-30,268000,50000000,-0.0868824531516183,0.0,SIRI,-0.05733041575492341,-4.109409246389497
82968B103,SIRIUS XM HLDGS INC,COM,2020-12-31,318500,50000000,0.1884328358208955,0.0,SIRI,-0.05733041575492341,-4.109409246389497
82968B103,SIRIUS XM HLDGS INC,COM,2021-03-31,265882,43658800,-0.1652056514913658,-0.126824,SIRI,-0.5005714285714286,-3.5771429059047617
82968B103,SIRIUS XM HLDGS INC,COM,2021-06-30,285529,43658800,0.0738936821597551,0.0,SIRI,-0.5005714285714286,-3.5771429059047617
82968B103,SIRIUS XM HLDGS INC,COM,2021-09-30,266319,43658800,-0.0672786301916793,0.0,SIRI,-0.5005714285714286,-3.5771429059047617
82968B103,SIRIUS XM HOLDINGS INC,COM,2023-09-30,43768172,9683224,163.34490967599007,-0.7782068219923589,SIRI,-0.490448343079922,-3.6608187633528266
82968B103,SIRIUS XM HOLDINGS INC,COM,2023-09-30,43768172,9683224,0.0,0.0,SIRI,-0.490448343079922,-3.6608187633528266
82968B103,SIRIUS XM HOLDINGS INC,COM,2023-12-31,220129527,40243058,4.029443016263051,3.155956528528102,SIRI,-0.490448343079922,-3.6608187633528266
82968B103,SIRIUS XM HOLDINGS INC,COM,2024-03-31,142325819,36681912,-0.3534451241518362,-0.0884909392323018,SIRI,,
82968B103,SIRIUS XM HOLDINGS INC,COM,2024-06-30,376045343,132878213,1.6421442408843614,2.6224451168194287,SIRI,,
833445109,SNOWFLAKE INC,CL A,2020-09-30,1537469,6125376,,,SNOW,,
833445109,SNOWFLAKE INC,CL A,2020-12-31,1723681,6125376,0.1211159379473667,0.0,SNOW,,
833445109,SNOWFLAKE INC,CL A,2021-03-31,1404426,6125376,-0.1852169862056842,0.0,SNOW,-0.10920797468474949,0.06336753522911408
833445109,SNOWFLAKE INC,CL A,2021-06-30,1481116,6125376,0.0546059386539412,0.0,SNOW,-0.10920797468474949,0.06336753522911408
833445109,SNOWFLAKE INC,CL A,2021-09-30,1852497,6125376,0.2507440335530775,0.0,SNOW,-0.10920797468474949,0.06336753522911408
833445109,SNOWFLAKE INC,CL A,2021-12-31,2074971,6125376,0.1200941216099136,0.0,SNOW,-0.10920797468474949,0.06336753522911408
833445109,SNOWFLAKE INC,CL A,2022-03-31,1403507,6125376,-0.3236016310589401,0.0,SNOW,-0.134668635355795,0.061954686480314596
833445109,SNOWFLAKE INC,CL A,2022-06-30,851795,6125376,-0.3930952962828116,0.0,SNOW,-0.134668635355795,0.061954686480314596
833445109,SNOWFLAKE INC,CL A,2022-09-30,1041069,6125376,0.2222060472296738,0.0,SNOW,-0.134668635355795,0.061954686480314596
833445109,SNOWFLAKE INC,CL A,2022-12-31,879236471,6125376,843.5515820757317,0.0,SNOW,-0.134668635355795,0.061954686480314596
833445109,SNOWFLAKE INC,CL A,2023-03-31,945084263,6125376,0.0748920161661492,0.0,SNOW,-0.1460119755825964,0.05732899643650177
833445109,SNOWFLAKE INC,CL A,2023-06-30,1077943668,6125376,0.1405794278895955,0.0,SNOW,-0.1460119755825964,0.05732899643650177
833445109,SNOWFLAKE INC,CL A,2023-09-30,935773692,6125376,-0.1318899866667243,0.0,SNOW,-0.1460119755825964,0.05732899643650177
833445109,SNOWFLAKE INC,CL A,2023-09-30,935773692,6125376,0.0,0.0,SNOW,-0.1460119755825964,0.05732899643650177
833445109,SNOWFLAKE INC,CL A,2023-12-31,1218949824,6125376,0.3026117686582708,0.0,SNOW,-0.1460119755825964,0.05732899643650177
833445109,SNOWFLAKE INC,CL A,2024-03-31,989860762,6125376,-0.187939698164311,0.0,SNOW,-0.16139909055600554,0.06038482653927141
867224107,SUNCOR ENERGY INC NEW,COM,2020-06-30,323738,19201525,,,SU,-0.1207875381044271,0.43532735207092316
867224107,SUNCOR ENERGY INC NEW,COM,2020-09-30,234834,19201525,-0.2746171286657729,0.0,SU,-0.1207875381044271,0.43532735207092316
867224107,SUNCOR ENERGY INC NEW,COM,2020-12-31,232390,13849207,-0.0104073515760069,-0.2787444226435139,SU,-0.1207875381044271,0.43532735207092316
87165B103,SYNCHRONY FINL,COM,2020-06-30,446036,20128000,,,SYF,0.10904653176915204,1.2307692307692308
87165B103,SYNCHRONY FINL,COM,2020-09-30,526750,20128000,0.1809584876557048,0.0,SYF,0.10904653176915204,1.2307692307692308
87165B103,SYNCHRONY FINL,COM,2020-12-31,698642,20128000,0.3263255813953487,0.0,SYF,0.10904653176915204,1.2307692307692308
872590104,T-MOBILE US INC,COM,2020-09-30,275968,2413156,,,TMUS,0.046890303623898136,1.7922073574926543
872590104,T-MOBILE US INC,COM,2020-12-31,706884,5242000,1.561470895176252,1.1722590665501942,TMUS,0.046890303623898136,1.7922073574926543
872590104,T-MOBILE US INC,COM,2021-03-31,656770,5242000,-0.0708942344146988,0.0,TMUS,0.04376139619692628,1.6947410721542069
872590104,T-MOBILE US INC,COM,2021-06-30,759199,5242000,0.1559587070054966,0.0,TMUS,0.04376139619692628,1.6947410721542069
872590104,T-MOBILE US INC,COM,2021-09-30,669718,5242000,-0.1178623786385387,0.0,TMUS,0.04376139619692628,1.6947410721542069
872590104,T-MOBILE US INC,COM,2021-12-31,607968,5242000,-0.0922029869288267,0.0,TMUS,0.04376139619692628,1.6947410721542069
872590104,T-MOBILE US INC,COM,2022-03-31,672811,5242000,0.1066552844886572,0.0,TMUS,0.037182726541862866,1.6812621679108763
872590104,T-MOBILE US INC,COM,2022-06-30,705259,5242000,0.0482275111435455,0.0,TMUS,0.037182726541862866,1.6812621679108763
872590104,T-MOBILE US INC,COM,2022-09-30,703319,5242000,-0.0027507624858384,0.0,TMUS,0.037182726541862866,1.6812621679108763
872590104,T-MOBILE US INC,COM,2022-12-31,733880000,5242000,1042.452544293557,0.0,TMUS,0.037182726541862866,1.6812621679108763
872590104,T-MOBILE US INC,COM,2023-03-31,759251280,5242000,0.0345714285714284,0.0,TMUS,0.12851734528316464,1.8096267877308196
872590104,T-MOBILE US INC,COM,2023-06-30,728113800,5242000,-0.0410107705053852,0.0,TMUS,0.12851734528316464,1.8096267877308196
872590104,T-MOBILE US INC,COM,2023-09-30,734142100,5242000,0.0082793376529877,0.0,TMUS,0.12851734528316464,1.8096267877308196
872590104,T-MOBILE US INC,COM,2023-09-30,734142100,5242000,0.0,0.0,TMUS,0.12851734528316464,1.8096267877308196
872590104,T-MOBILE US INC,COM,2023-12-31,840449860,5242000,0.1448054266333451,0.0,TMUS,0.12851734528316464,1.8096267877308196
872590104,T-MOBILE US INC,COM,2024-03-31,855599240,5242000,0.0180253227717832,0.0,TMUS,,
872590104,T-MOBILE US INC,COM,2024-06-30,823112960,4672000,-0.0379690379341618,-0.1087371232354063,TMUS,,
874039100,TAIWAN SEMICONDUCTOR MFG LTD,SPONSORED ADS,2022-09-30,4117774,60060880,,,TSM,0.34203123044600764,0.3336212394287231
874039100,TAIWAN SEMICONDUCTOR MFG LTD,SPONSORED ADS,2022-12-31,617725010,8292724,149.01430627324376,-0.8619280303585295,TSM,0.34203123044600764,0.3336212394287231
881624209,TEVA PHARMACEUTICAL INDS LTD,SPONSORED ADR,2020-06-30,527592,42789295,,,TEVA,-0.39796529024536204,1.8872930764013565
881624209,TEVA PHARMACEUTICAL INDS LTD,SPONSORED ADR,2020-09-30,385531,42789295,-0.2692629910991827,0.0,TEVA,-0.39796529024536204,1.8872930764013565
881624209,TEVA PHARMACEUTICAL INDS LTD,SPONSORED ADR,2020-12-31,412916,42789295,0.0710319014553952,0.0,TEVA,-0.39796529024536204,1.8872930764013565
881624209,TEVA PHARMACEUTICAL INDS LTD,SPONSORED ADR,2021-03-31,493789,42789295,0.1958582375107769,0.0,TEVA,0.040572095738470516,1.841019690990465
881624209,TEVA PHARMACEUTICAL INDS LTD,SPONSORED ADR,2021-06-30,423615,42789295,-0.1421133318077154,0.0,TEVA,0.040572095738470516,1.841019690990465
881624209,TEVA PHARMACEUTICAL INDS LTD,SPONSORED ADR,2021-09-30,416768,42789295,-0.016163261452026,0.0,TEVA,0.040572095738470516,1.841019690990465
902973304,US BANCORP DEL,COM NEW,2020-06-30,4858836,131961832,,,USB,0.09339862510594218,1.479367197363217
902973304,US BANCORP DEL,COM NEW,2020-09-30,4730833,131961832,-0.0263443754841694,0.0,USB,0.09339862510594218,1.479367197363217
902973304,US BANCORP DEL,COM NEW,2020-12-31,6109721,131137998,0.2914683312642827,-0.0062429718314307,USB,0.09339862510594218,1.479367197363217
902973304,US BANCORP DEL,COM NEW,2021-03-31,7172993,129687084,0.1740295506128675,-0.0110640243264961,USB,0.14499799701372956,1.4302596843293638
902973304,US BANCORP DEL,COM NEW,2021-06-30,7342802,128888906,0.0236733815298579,-0.006154645284491,USB,0.14499799701372956,1.4302596843293638
902973304,US BANCORP DEL,COM NEW,2021-09-30,7514279,126417887,0.0233530742079113,-0.0191716965927229,USB,0.14499799701372956,1.4302596843293638
902973304,US BANCORP DEL,COM NEW,2021-12-31,7100894,126417887,-0.0550132620840935,0.0,USB,0.14499799701372956,1.4302596843293638
902973304,US BANCORP DEL,COM NEW,2022-03-31,6719111,126417887,-0.0537654836137534,0.0,USB,0.11474215025804672,1.5472363657566088
902973304,US BANCORP DEL,COM NEW,2022-06-30,5513432,119805135,-0.1794402563077168,-0.0523086736926713,USB,0.11474215025804672,1.5472363657566088
902973304,US BANCORP DEL,COM NEW,2022-09-30,3136420,77788214,-0.4311310994676274,-0.3507105183763618,USB,0.11474215025804672,1.5472363657566088
902973304,US BANCORP DEL,COM NEW,2022-12-31,290915115,6670835,91.75387703177508,-0.9142436282185372,USB,0.11474215025804672,1.5472363657566088
90384S303,ULTA BEAUTY INC,COM,2024-06-30,266291202,690106,,,ULTA,0.5663972012803774,0.8463016468011625
911312106,UNITED PARCEL SERVICE INC,CL B,2020-06-30,6604,59400,,,UPS,2.0441400304414,39.942162703196345
911312106,UNITED PARCEL SERVICE INC,CL B,2020-09-30,9898,59400,0.4987886129618413,0.0,UPS,2.0441400304414,39.942162703196345
911312106,UNITED PARCEL SERVICE INC,CL B,2020-12-31,10003,59400,0.0106082036775105,0.0,UPS,2.0441400304414,39.942162703196345
911312106,UNITED PARCEL SERVICE INC,CL B,2021-03-31,10097,59400,0.0093971808457462,0.0,UPS,0.9043710096120116,1.8411563106714377
911312106,UNITED PARCEL SERVICE INC,CL B,2021-06-30,12353,59400,0.2234327027830047,0.0,UPS,0.9043710096120116,1.8411563106714377
911312106,UNITED PARCEL SERVICE INC,CL B,2021-09-30,10817,59400,-0.1243422650368332,0.0,UPS,0.9043710096120116,1.8411563106714377
911312106,UNITED PARCEL SERVICE INC,CL B,2021-12-31,12732,59400,0.1770361468059536,0.0,UPS,0.9043710096120116,1.8411563106714377
911312106,UNITED PARCEL SERVICE INC,CL B,2022-03-31,12739,59400,0.000549795790135,0.0,UPS,0.5836450015162236,1.3262913623774386
911312106,UNITED PARCEL SERVICE INC,CL B,2022-06-30,10843,59400,-0.1488342884056833,0.0,UPS,0.5836450015162236,1.3262913623774386
911312106,UNITED PARCEL SERVICE INC,CL B,2022-09-30,9595,59400,-0.115097297795813,0.0,UPS,0.5836450015162236,1.3262913623774386
911312106,UNITED PARCEL SERVICE INC,CL B,2022-12-31,10326096,59400,1075.1955184992185,0.0,UPS,0.5836450015162236,1.3262913623774386
911312106,UNITED PARCEL SERVICE INC,CL B,2023-03-31,11523006,59400,0.1159111826967327,0.0,UPS,0.3876112330983474,1.516352761816711
911312106,UNITED PARCEL SERVICE INC,CL B,2023-06-30,10647450,59400,-0.0759832981081498,0.0,UPS,0.3876112330983474,1.516352761816711
922908363,VANGUARD INDEX FDS,S&P 500 ETF SHS,2020-06-30,12187,43000,,,VOO,,
922908363,VANGUARD INDEX FDS,S&P 500 ETF SHS,2020-09-30,13229,43000,0.0855009436284566,0.0,VOO,,
922908363,VANGUARD INDEX FDS,S&P 500 ETF SHS,2020-12-31,14779,43000,0.1171668304482576,0.0,VOO,,
922908363,VANGUARD INDEX FDS,S&P 500 ETF SHS,2021-03-31,15665,43000,0.0599499289532443,0.0,VOO,,
922908363,VANGUARD INDEX FDS,S&P 500 ETF SHS,2021-06-30,16921,43000,0.0801787424194062,0.0,VOO,,
922908363,VANGUARD INDEX FDS,S&P 500 ETF SHS,2021-09-30,16959,43000,0.002245730157792,0.0,VOO,,
922908363,VANGUARD INDEX FDS,S&P 500 ETF SHS,2021-12-31,18773,43000,0.1069638540008255,0.0,VOO,,
922908363,VANGUARD INDEX FDS,S&P 500 ETF SHS,2022-03-31,17852,43000,-0.0490598199541895,0.0,VOO,,
922908363,VANGUARD INDEX FDS,S&P 500 ETF SHS,2022-06-30,14916,43000,-0.1644633654492493,0.0,VOO,,
922908363,VANGUARD INDEX FDS,S&P 500 ETF SHS,2022-09-30,14117,43000,-0.0535666398498256,0.0,VOO,,
922908363,VANGUARD INDEX FDS,S&P 500 ETF SHS,2022-12-31,15107620,43000,1069.172132889424,0.0,VOO,,
922908363,VANGUARD INDEX FDS,S&P 500 ETF SHS,2023-03-31,16171010,43000,0.0703876586782035,0.0,VOO,,
922908363,VANGUARD INDEX FDS,S&P 500 ETF SHS,2023-06-30,17513040,43000,0.0829898689073842,0.0,VOO,,
922908363,VANGUARD INDEX FDS,S&P 500 ETF SHS,2023-09-30,16886100,43000,-0.035798467884502,0.0,VOO,,
922908363,VANGUARD INDEX FDS,S&P 500 ETF SHS,2023-09-30,16886100,43000,0.0,0.0,VOO,,
922908363,VANGUARD INDEX FDS,S&P 500 ETF SHS,2023-12-31,18782400,43000,0.1122994652406417,0.0,VOO,,
922908363,VANGUARD INDEX FDS,S&P 500 ETF SHS,2024-03-31,20670100,43000,0.100503663003663,0.0,VOO,,
922908363,VANGUARD INDEX FDS,S&P 500 ETF SHS,2024-06-30,21505590,43000,0.0404202205117536,0.0,VOO,,
92343E102,VERISIGN INC,COM,2020-06-30,2650654,12815613,,,VRSN,-0.5861668625620235,-1.29629014572025
92343E102,VERISIGN INC,COM,2020-09-30,2625279,12815613,-0.0095731091270305,0.0,VRSN,-0.5861668625620235,-1.29629014572025
92343E102,VERISIGN INC,COM,2020-12-31,2773299,12815613,0.056382578765914,0.0,VRSN,-0.5861668625620235,-1.29629014572025
92343E102,VERISIGN INC,COM,2021-03-31,2547231,12815613,-0.0815159129974806,0.0,VRSN,-0.6226100753669179,-1.4296707401824673
92343E102,VERISIGN INC,COM,2021-06-30,2917987,12815613,0.1455525627632514,0.0,VRSN,-0.6226100753669179,-1.4296707401824673
92343E102,VERISIGN INC,COM,2021-09-30,2627329,12815613,-0.0996090798211232,0.0,VRSN,-0.6226100753669179,-1.4296707401824673
92343E102,VERISIGN INC,COM,2021-12-31,3252859,12815613,0.2380859039731986,0.0,VRSN,-0.6226100753669179,-1.4296707401824673
92343E102,VERISIGN INC,COM,2022-03-31,2850961,12815613,-0.1235522351260844,0.0,VRSN,-0.4313148124439892,-1.153565464089105
92343E102,VERISIGN INC,COM,2022-06-30,2144436,12815613,-0.2478199456253522,0.0,VRSN,-0.4313148124439892,-1.153565464089105
92343E102,VERISIGN INC,COM,2022-09-30,2226072,12815613,0.0380687509443042,0.0,VRSN,-0.4313148124439892,-1.153565464089105
92343E102,VERISIGN INC,COM,2022-12-31,2632839535,12815613,1181.7288313226168,0.0,VRSN,-0.4313148124439892,-1.153565464089105
92343E102,VERISIGN INC,COM,2023-03-31,2708323496,12815613,0.0286701714998365,0.0,VRSN,-0.5171410499683744,-1.1398481771030993
92343E102,VERISIGN INC,COM,2023-06-30,2895944070,12815613,0.0692755404873539,0.0,VRSN,-0.5171410499683744,-1.1398481771030993
92343E102,VERISIGN INC,COM,2023-09-30,2595546101,12815613,-0.103730583788519,0.0,VRSN,-0.5171410499683744,-1.1398481771030993
92343E102,VERISIGN INC,COM,2023-09-30,2595546101,12815613,0.0,0.0,VRSN,-0.5171410499683744,-1.1398481771030993
92343E102,VERISIGN INC,COM,2023-12-31,2639503654,12815613,0.0169357627603163,0.0,VRSN,-0.5171410499683744,-1.1398481771030993
92343E102,VERISIGN INC,COM,2024-03-31,2428686819,12815613,-0.0798698780660979,0.0,VRSN,,
92343E102,VERISIGN INC,COM,2024-06-30,2278615992,12815613,-0.0617909340249109,0.0,VRSN,,
92343V104,VERIZON COMMUNICATIONS INC,COM,2020-09-30,3471109,58347767,,,VZ,0.26238908051059817,2.628990811355797
92343V104,VERIZON COMMUNICATIONS INC,COM,2020-12-31,8619594,146716496,1.4832392183593195,1.5145177535243124,VZ,0.26238908051059817,2.628990811355797
92343V104,VERIZON COMMUNICATIONS INC,COM,2021-03-31,9235649,158824575,0.0714714637371551,0.0825270459021867,VZ,0.2697762562660472,2.1806577163956473
92343V104,VERIZON COMMUNICATIONS INC,COM,2021-06-30,8898941,158824575,-0.0364574270849834,0.0,VZ,0.2697762562660472,2.1806577163956473
92343V104,VERIZON COMMUNICATIONS INC,COM,2021-09-30,8578115,158824575,-0.0360521549699003,0.0,VZ,0.2697762562660472,2.1806577163956473
92343V104,VERIZON COMMUNICATIONS INC,COM,2021-12-31,8252525,158824575,-0.0379558912418404,0.0,VZ,0.2697762562660472,2.1806577163956473
92343V104,VERIZON COMMUNICATIONS INC,COM,2022-03-31,70303,1380111,-0.9914810315630672,-0.9913104694282984,VZ,0.23321337663477573,1.956859416132713
92556H206,PARAMOUNT GLOBAL,CLASS B COM,2022-03-31,2606915,68947760,,,PARA,0.04792498697690571,0.6833217433582219
92556H206,PARAMOUNT GLOBAL,CLASS B COM,2022-06-30,1935448,78421645,-0.2575714973445624,0.1374067119802007,PARA,0.04792498697690571,0.6833217433582219
92556H206,PARAMOUNT GLOBAL,CLASS B COM,2022-09-30,1736763,91216510,-0.1026558192211829,0.1631547642235762,PARA,0.04792498697690571,0.6833217433582219
92556H206,PARAMOUNT GLOBAL,CLASS B COM,2022-12-31,1580595750,93637189,909.081427345009,0.0265377287510779,PARA,0.04792498697690571,0.6833217433582219
92556H206,PARAMOUNT GLOBAL,CLASS B COM,2023-03-31,2091138052,93730975,0.3230062474861139,0.0010015892296808,PARA,-0.026991032584568943,0.6987924922311995
92556H206,PARAMOUNT GLOBAL,CLASS B COM,2023-06-30,1491259813,93730975,-0.2868668753965173,0.0,PARA,-0.026991032584568943,0.6987924922311995
92556H206,PARAMOUNT GLOBAL,CLASS B COM,2023-09-30,1209129578,93730975,-0.1891891892616837,0.0,PARA,-0.026991032584568943,0.6987924922311995
92556H206,PARAMOUNT GLOBAL,CLASS B COM,2023-09-30,1209129578,93730975,0.0,0.0,PARA,-0.026991032584568943,0.6987924922311995
92556H206,PARAMOUNT GLOBAL,CLASS B COM,2023-12-31,936539643,63322491,-0.2254431121029114,-0.3244229989072449,PARA,-0.026991032584568943,0.6987924922311995
92556H206,PARAMOUNT GLOBAL,CLASS B COM,2024-03-31,88648874,7531765,-0.9053442375209738,-0.8810570323267921,PARA,,
92826C839,VISA INC,COM CL A,2020-06-30,1929278,9987460,,,V,0.30008285004142504,0.5689588334714167
92826C839,VISA INC,COM CL A,2020-09-30,1997192,9987460,0.0352017697812341,0.0,V,0.30008285004142504,0.5689588334714167
92826C839,VISA INC,COM CL A,2020-12-31,2184557,9987460,0.0938142151580818,0.0,V,0.30008285004142504,0.5689588334714167
92826C839,VISA INC,COM CL A,2021-03-31,2114645,9987460,-0.0320028271178092,0.0,V,0.32751602862539575,0.5480858591609248
92826C839,VISA INC,COM CL A,2021-06-30,2335268,9987460,0.1043309869978175,0.0,V,0.32751602862539575,0.5480858591609248
92826C839,VISA INC,COM CL A,2021-09-30,2130038,9562460,-0.0878828468509824,-0.0425533619158424,V,0.32751602862539575,0.5480858591609248
92826C839,VISA INC,COM CL A,2021-12-31,1798143,8297460,-0.1558164690019614,-0.1322881350614799,V,0.32751602862539575,0.5480858591609248
92826C839,VISA INC,COM CL A,2022-03-31,1840128,8297460,0.0233490884762779,0.0,V,0.42036480143897026,0.5790168730502234
92826C839,VISA INC,COM CL A,2022-06-30,1633687,8297460,-0.1121883912423483,0.0,V,0.42036480143897026,0.5790168730502234
92826C839,VISA INC,COM CL A,2022-09-30,1474044,8297460,-0.0977194529919134,0.0,V,0.42036480143897026,0.5790168730502234
92826C839,VISA INC,COM CL A,2022-12-31,1723880290,8297460,1168.4903883466166,0.0,V,0.42036480143897026,0.5790168730502234
92826C839,VISA INC,COM CL A,2023-03-31,1870745332,8297460,0.0851944551207786,0.0,V,0.44595048150156197,0.5318978483463713
92826C839,VISA INC,COM CL A,2023-06-30,1970480801,8297460,0.0533132261746036,0.0,V,0.44595048150156197,0.5318978483463713
92826C839,VISA INC,COM CL A,2023-09-30,1908498775,8297460,-0.0314552803399783,0.0,V,0.44595048150156197,0.5318978483463713
92826C839,VISA INC,COM CL A,2023-09-30,1908498775,8297460,0.0,0.0,V,0.44595048150156197,0.5318978483463713
92826C839,VISA INC,COM CL A,2023-12-31,2160243711,8297460,0.1319073081406614,0.0,V,0.44595048150156197,0.5318978483463713
92826C839,VISA INC,COM CL A,2024-03-31,2315655137,8297460,0.0719416171465479,0.0,V,,
92826C839,VISA INC,COM CL A,2024-06-30,2177834326,8297460,-0.0595169845448363,0.0,V,,
92852X103,VITESSE ENERGY INC,COMMON STOCK,2023-03-31,971025,51026,,,VTS,-0.03613430306402199,0.21052111433622617
949746101,WELLS FARGO & CO NEW,COM,2020-06-30,6082118,237582705,,,WFC,0.018285683344162876,1.6531243082521117
949746101,WELLS FARGO & CO NEW,COM,2020-09-30,2994716,127380440,-0.5076195496371494,-0.463848010317081,WFC,0.018285683344162876,1.6531243082521117
949746101,WELLS FARGO & CO NEW,COM,2020-12-31,1582152,52423867,-0.4716854619937249,-0.588446491470747,WFC,0.018285683344162876,1.6531243082521117
949746101,WELLS FARGO & CO NEW,COM,2021-03-31,26374,675054,-0.98333029949082,-0.98712315518426,WFC,0.11784804323955524,1.627341328358368
949746101,WELLS FARGO & CO NEW,COM,2021-06-30,30573,675054,0.1592098278607718,0.0,WFC,0.11784804323955524,1.627341328358368
949746101,WELLS FARGO & CO NEW,COM,2021-09-30,31329,675054,0.0247277009125699,0.0,WFC,0.11784804323955524,1.627341328358368
949746101,WELLS FARGO & CO NEW,COM,2021-12-31,32389,675054,0.0338344664687668,0.0,WFC,0.11784804323955524,1.627341328358368
G0403H108,AON PLC,SHS CL A,2021-03-31,942564,4096146,,,AON,1.182846371347785,16.966070167766258
G0403H108,AON PLC,SHS CL A,2021-06-30,1049589,4396000,0.1135466663271671,0.0732039336488494,AON,1.182846371347785,16.966070167766258
G0403H108,AON PLC,SHS CL A,2021-09-30,1256244,4396000,0.1968913546159496,0.0,AON,1.182846371347785,16.966070167766258
G0403H108,AON PLC,SHS CL A,2021-12-31,1321261,4396000,0.0517550730590554,0.0,AON,1.182846371347785,16.966070167766258
G0403H108,AON PLC,SHS CL A,2022-03-31,1431470,4396000,0.0834119829465942,0.0,AON,-4.89413988657845,-34.028356234404534
G0403H108,AON PLC,SHS CL A,2022-06-30,1185514,4396000,-0.1718205760511921,0.0,AON,-4.89413988657845,-34.028356234404534
G0403H108,AON PLC,SHS CL A,2022-09-30,1177556,4396000,-0.0067127001452534,0.0,AON,-4.89413988657845,-34.028356234404534
G0403H108,AON PLC,SHS CL A,2022-12-31,1319415440,4396000,1119.4693789509795,0.0,AON,-4.89413988657845,-34.028356234404534
G0403H108,AON PLC,SHS CL A,2023-03-31,1366782150,4335000,0.0358997693705933,-0.0138762511373976,AON,-3.1041162227602905,-21.792978750605325
G0403H108,AON PLC,SHS CL A,2023-06-30,1496442000,4335000,0.0948650448793173,0.0,AON,-3.1041162227602905,-21.792978750605325
G0403H108,AON PLC,SHS CL A,2023-09-30,1329302000,4100000,-0.1116915991398262,-0.0542099192618223,AON,-3.1041162227602905,-21.792978750605325
G0403H108,AON PLC,SHS CL A,2023-09-30,1329302000,4100000,0.0,0.0,AON,-3.1041162227602905,-21.792978750605325
G0403H108,AON PLC,SHS CL A,2023-12-31,1193182000,4100000,-0.1023996052063414,0.0,AON,-3.1041162227602905,-21.792978750605325
G0403H108,AON PLC,SHS CL A,2024-03-31,1368252000,4100000,0.1467253109751907,0.0,AON,,
G0403H108,AON PLC,SHS CL A,2024-06-30,1203678000,4100000,-0.1202804746494067,0.0,AON,,
G0750C108,AXALTA COATING SYS LTD,COM,2020-06-30,542779,24070000,,,AXTA,0.08485694347522679,2.517794836008374
G0750C108,AXALTA COATING SYS LTD,COM,2020-09-30,519222,23420000,-0.043400721103801,-0.0270045700041545,AXTA,0.08485694347522679,2.517794836008374
G0750C108,AXALTA COATING SYS LTD,COM,2020-12-31,668641,23420000,0.2877747861223136,0.0,AXTA,0.08485694347522679,2.517794836008374
G0750C108,AXALTA COATING SYS LTD,COM,2021-03-31,410779,13887037,-0.3856508948748282,-0.407043680614859,AXTA,0.17677004487909437,2.4167727242280126
G5480U104,LIBERTY GLOBAL PLC,SHS CL A,2020-06-30,422117,19310000,,,LBTYA,-0.11915740781403247,1.3612562504940495
G5480U104,LIBERTY GLOBAL PLC,SHS CL A,2020-09-30,378390,18010000,-0.1035897630277861,-0.0673226307612635,LBTYA,-0.11915740781403247,1.3612562504940495
G5480U104,LIBERTY GLOBAL PLC,SHS CL A,2020-12-31,436202,18010000,0.1527841644863765,0.0,LBTYA,-0.11915740781403247,1.3612562504940495
G5480U104,LIBERTY GLOBAL PLC,SHS CL A,2021-03-31,86213,3359831,-0.8023553307871124,-0.8134463631315936,LBTYA,0.5177116549514361,0.7171147622701456
G5480U120,LIBERTY GLOBAL PLC,SHS CL C,2020-06-30,158033,7346968,,,LBTYK,-0.11915740781403247,1.3612562504940495
G5480U120,LIBERTY GLOBAL PLC,SHS CL C,2020-09-30,150870,7346968,-0.0453259762201565,0.0,LBTYK,-0.11915740781403247,1.3612562504940495
G5480U120,LIBERTY GLOBAL PLC,SHS CL C,2020-12-31,173756,7346968,0.151693510969709,0.0,LBTYK,-0.11915740781403247,1.3612562504940495
G5480U120,LIBERTY GLOBAL PLC,SHS CL C,2021-03-31,187642,7346968,0.0799166647482676,0.0,LBTYK,0.5177116549514361,0.7171147622701456
G5480U120,LIBERTY GLOBAL PLC,SHS CL C,2021-06-30,50741,1876522,-0.7295861267733237,-0.744585521537592,LBTYK,0.5177116549514361,0.7171147622701456
G6683N103,NU HLDGS LTD,ORD SHS CL A,2022-12-31,435973451,107118784,,,NU,-0.07454389205164082,0.4920727270050624
G6683N103,NU HLDGS LTD,ORD SHS CL A,2023-03-31,509885412,107118784,0.1695331695782549,0.0,NU,0.16085982968554027,0.37565974071180547
G6683N103,NU HLDGS LTD,ORD SHS CL A,2023-06-30,845167206,107118784,0.6575630251606415,0.0,NU,0.16085982968554027,0.37565974071180547
G6683N103,NU HLDGS LTD,ORD SHS CL A,2023-09-30,776611184,107118784,-0.0811153361291209,0.0,NU,0.16085982968554027,0.37565974071180547
G6683N103,NU HLDGS LTD,ORD SHS CL A,2023-09-30,776611184,107118784,0.0,0.0,NU,0.16085982968554027,0.37565974071180547
G6683N103,NU HLDGS LTD,ORD SHS CL A,2023-12-31,892299471,107118784,0.14896551760192,0.0,NU,0.16085982968554027,0.37565974071180547
G6683N103,NU HLDGS LTD,ORD SHS CL A,2024-03-31,1277927093,107118784,0.4321728685637649,0.0,NU,,
G6683N103,NU HLDGS LTD,ORD SHS CL A,2024-06-30,1380761126,107118784,0.0804694051509555,0.0,NU,,
G6693N103,NU HLDGS LTD,ORD SHS CL A,2021-12-31,1004774,107118784,,,NU,-0.03715195026741532,0.541905784061002
G6693N103,NU HLDGS LTD,ORD SHS CL A,2022-03-31,826957,107118784,-0.1769721350273793,0.0,NU,-0.07454389205164082,0.4920727270050624
G6693N103,NU HLDGS LTD,ORD SHS CL A,2022-06-30,400624,107118784,-0.5155443390647881,0.0,NU,-0.07454389205164082,0.4920727270050624
G6693N103,NU HLDGS LTD,ORD SHS CL A,2022-09-30,471323,107118784,0.1764722033627541,0.0,NU,-0.07454389205164082,0.4920727270050624
G7709Q104,ROYALTY PHARMA PLC,SHS CLASS A,2021-09-30,475093,13145902,,,RPRX,0.10728259593802161,1.3160036547488019
G7709Q104,ROYALTY PHARMA PLC,SHS CLASS A,2021-12-31,344633,8648268,-0.2745988680111052,-0.3421320195449502,RPRX,0.10728259593802161,1.3160036547488019
G7709Q104,ROYALTY PHARMA PLC,SHS CLASS A,2022-03-31,58299,1496372,-0.830837441568277,-0.8269743722095568,RPRX,0.00761031600081732,1.3507136121105514
G85158106,STONECO LTD,COM CL A,2020-06-30,549103,14166748,,,STNE,0.05749979365080006,0.6238711228399143
G85158106,STONECO LTD,COM CL A,2020-09-30,749279,14166748,0.3645509130345308,0.0,STNE,0.05749979365080006,0.6238711228399143
G85158106,STONECO LTD,COM CL A,2020-12-31,1188873,14166748,0.5866893373496387,0.0,STNE,0.05749979365080006,0.6238711228399143
G85158106,STONECO LTD,COM CL A,2021-03-31,654775,10695448,-0.4492473123706233,-0.2450315344071907,STNE,-0.10038181366069056,0.684570087008067
G85158106,STONECO LTD,COM CL A,2021-06-30,717237,10695448,0.0953946011988851,0.0,STNE,-0.10038181366069056,0.684570087008067
G85158106,STONECO LTD,COM CL A,2021-09-30,371346,10695448,-0.4822548195366385,0.0,STNE,-0.10038181366069056,0.684570087008067
G85158106,STONECO LTD,COM CL A,2021-12-31,180325,10695448,-0.5144016631389594,0.0,STNE,-0.10038181366069056,0.684570087008067
G85158106,STONECO LTD,COM CL A,2022-03-31,125137,10695448,-0.3060474143906835,0.0,STNE,-0.04028391396679951,0.718684161029249
G85158106,STONECO LTD,COM CL A,2022-06-30,82355,10695448,-0.3418812980972854,0.0,STNE,-0.04028391396679951,0.718684161029249
G85158106,STONECO LTD,COM CL A,2022-09-30,101928,10695448,0.2376662012021129,0.0,STNE,-0.04028391396679951,0.718684161029249
G85158106,STONECO LTD,COM CL A,2022-12-31,100965029,10695448,989.5524389765324,0.0,STNE,-0.04028391396679951,0.718684161029249
G85158106,STONECO LTD,COM CL A,2023-03-31,102034574,10695448,0.0105932223324574,0.0,STNE,0.1088795141436374,0.6337353788715618
G85158106,STONECO LTD,COM CL A,2023-06-30,136260008,10695448,0.3354297730492803,0.0,STNE,0.1088795141436374,0.6337353788715618
G85158106,STONECO LTD,COM CL A,2023-09-30,114120430,10695448,-0.1624803808906278,0.0,STNE,0.1088795141436374,0.6337353788715618
G85158106,STONECO LTD,COM CL A,2023-09-30,114120430,10695448,0.0,0.0,STNE,0.1088795141436374,0.6337353788715618
G9001E102,LIBERTY LATIN AMERICA LTD,COM CL A,2020-06-30,25572,2630792,,,LILA,-0.2612391820479436,3.321015436930382
G9001E102,LIBERTY LATIN AMERICA LTD,COM CL A,2020-09-30,21704,2630792,-0.1512591897387768,0.0,LILA,-0.2612391820479436,3.321015436930382
G9001E102,LIBERTY LATIN AMERICA LTD,COM CL A,2020-12-31,29280,2630792,0.3490600810910431,0.0,LILA,-0.2612391820479436,3.321015436930382
G9001E102,LIBERTY LATIN AMERICA LTD,COM CL A,2021-03-31,33753,2630792,0.1527663934426228,0.0,LILA,-0.19846846846846847,3.906531401801802
G9001E102,LIBERTY LATIN AMERICA LTD,COM CL A,2021-06-30,36463,2630792,0.08028915948212,0.0,LILA,-0.19846846846846847,3.906531401801802
G9001E102,LIBERTY LATIN AMERICA LTD,COM CL A,2021-09-30,34410,2630792,-0.0563036502756219,0.0,LILA,-0.19846846846846847,3.906531401801802
G9001E102,LIBERTY LATIN AMERICA LTD,COM CL A,2021-12-31,30675,2630792,-0.1085440278988666,0.0,LILA,-0.19846846846846847,3.906531401801802
G9001E102,LIBERTY LATIN AMERICA LTD,COM CL A,2022-03-31,25518,2630792,-0.1681173594132029,0.0,LILA,-0.08896185115697311,4.519751778194705
G9001E102,LIBERTY LATIN AMERICA LTD,COM CL A,2022-06-30,20520,2630792,-0.1958617446508347,0.0,LILA,-0.08896185115697311,4.519751778194705
G9001E102,LIBERTY LATIN AMERICA LTD,COM CL A,2022-09-30,16285,2630792,-0.2063840155945419,0.0,LILA,-0.08896185115697311,4.519751778194705
G9001E102,LIBERTY LATIN AMERICA LTD,COM CL A,2022-12-31,19809864,2630792,1215.448510899601,0.0,LILA,-0.08896185115697311,4.519751778194705
G9001E102,LIBERTY LATIN AMERICA LTD,COM CL A,2023-03-31,21861881,2630792,0.1035856177508336,0.0,LILA,-0.04173518571023533,4.917776984406011
G9001E102,LIBERTY LATIN AMERICA LTD,COM CL A,2023-06-30,23019430,2630792,0.0529482801594245,0.0,LILA,-0.04173518571023533,4.917776984406011
G9001E102,LIBERTY LATIN AMERICA LTD,COM CL A,2023-09-30,21467263,2630792,-0.0674285592649339,0.0,LILA,-0.04173518571023533,4.917776984406011
G9001E102,LIBERTY LATIN AMERICA LTD,COM CL A,2023-09-30,21467263,2630792,0.0,0.0,LILA,-0.04173518571023533,4.917776984406011
G9001E102,LIBERTY LATIN AMERICA LTD,COM CL A,2023-12-31,19231089,2630792,-0.1041667025740542,0.0,LILA,-0.04173518571023533,4.917776984406011
G9001E102,LIBERTY LATIN AMERICA LTD,COM CL A,2024-03-31,18336620,2630792,-0.0465116146048723,0.0,LILA,,
G9001E102,LIBERTY LATIN AMERICA LTD,COM CL A,2024-06-30,25281911,2630792,0.3787661521043681,0.0,LILA,,
G9001E128,LIBERTY LATIN AMERICA LTD,COM CL C,2020-06-30,12121,1284020,,,LILAK,-0.2612391820479436,3.321015436930382
G9001E128,LIBERTY LATIN AMERICA LTD,COM CL C,2020-09-30,11642,1430197,-0.0395181915683524,0.1138432423170978,LILAK,-0.2612391820479436,3.321015436930382
G9001E128,LIBERTY LATIN AMERICA LTD,COM CL C,2020-12-31,14240,1284020,0.2231575330699193,-0.102207597974265,LILAK,-0.2612391820479436,3.321015436930382
G9001E128,LIBERTY LATIN AMERICA LTD,COM CL C,2021-03-31,16667,1284020,0.170435393258427,0.0,LILAK,-0.19846846846846847,3.906531401801802
G9001E128,LIBERTY LATIN AMERICA LTD,COM CL C,2021-06-30,18105,1284020,0.0862782744345114,0.0,LILAK,-0.19846846846846847,3.906531401801802
G9001E128,LIBERTY LATIN AMERICA LTD,COM CL C,2021-09-30,16846,1284020,-0.0695388014360673,0.0,LILAK,-0.19846846846846847,3.906531401801802
G9001E128,LIBERTY LATIN AMERICA LTD,COM CL C,2021-12-31,14638,1284020,-0.1310696901341564,0.0,LILAK,-0.19846846846846847,3.906531401801802
G9001E128,LIBERTY LATIN AMERICA LTD,COM CL C,2022-03-31,12314,1284020,-0.1587648585872386,0.0,LILAK,-0.08896185115697311,4.519751778194705
G9001E128,LIBERTY LATIN AMERICA LTD,COM CL C,2022-06-30,10003,1284020,-0.1876725678089978,0.0,LILAK,-0.08896185115697311,4.519751778194705
G9001E128,LIBERTY LATIN AMERICA LTD,COM CL C,2022-09-30,7897,1284020,-0.2105368389483155,0.0,LILAK,-0.08896185115697311,4.519751778194705
G9001E128,LIBERTY LATIN AMERICA LTD,COM CL C,2022-12-31,9758552,1284020,1234.729011016842,0.0,LILAK,-0.08896185115697311,4.519751778194705
G9001E128,LIBERTY LATIN AMERICA LTD,COM CL C,2023-03-31,10606005,1284020,0.086842084768314,0.0,LILAK,-0.04173518571023533,4.917776984406011
G9001E128,LIBERTY LATIN AMERICA LTD,COM CL C,2023-06-30,11068252,1284020,0.0435835170735823,0.0,LILAK,-0.04173518571023533,4.917776984406011
G9001E128,LIBERTY LATIN AMERICA LTD,COM CL C,2023-09-30,10477603,1284020,-0.0533642530003833,0.0,LILAK,-0.04173518571023533,4.917776984406011
G9001E128,LIBERTY LATIN AMERICA LTD,COM CL C,2023-09-30,10477603,1284020,0.0,0.0,LILAK,-0.04173518571023533,4.917776984406011
G9001E128,LIBERTY LATIN AMERICA LTD,COM CL C,2023-12-31,9424707,1284020,-0.1004901598199511,0.0,LILAK,-0.04173518571023533,4.917776984406011
G9001E128,LIBERTY LATIN AMERICA LTD,COM CL C,2024-03-31,8975300,1284020,-0.0476839226938301,0.0,LILAK,,
G9001E128,LIBERTY LATIN AMERICA LTD,COM CL C,2024-06-30,12352272,1284020,0.3762517130346618,0.0,LILAK,,
H1467J104,CHUBB LIMITED,COM,2023-09-30,1695320075,8143530,,,CB,0.15171324382005477,0.3508662771102559
H1467J104,CHUBB LIMITED,COM,2023-12-31,4542600000,20100000,1.679494018260829,1.468217099955425,CB,0.15171324382005477,0.3508662771102559
H1467J104,CHUBB LIMITED,COM,2024-03-31,6717644659,25923840,0.4788105179852948,0.2897432835820894,CB,,
H1467J104,CHUBB LIMITED,COM,2024-06-30,6895777623,27033784,0.0265171757427427,0.0428155705327606,CB,,
